unitid,year,credits,BA,AA,ER_m,ER_l,ER_c,ER_h,G,G_source,first_time_n,transfer_in_n,sticker_real,rev_per_credit_real
130891,1998,64092.0,0.0,312.0,0.2921,0.2912,0.2888,0.2878,0.9558,o,,,,
130891,1999,70688.0,0.0,300.0,0.2546,0.2511,0.2421,0.2382,0.8165,o,,,,
130891,2000,63243.0,0.0,324.0,0.3074,0.3069,0.3058,0.3053,0.9798,o,,,,
130891,2001,70819.0,0.0,320.0,0.2711,0.2715,0.2724,0.2728,1.0194,o,,,,
130891,2002,67666.0,0.0,297.0,0.2634,0.2692,0.2848,0.292,1.3673,o,727.0,,3118.0,
130891,2003,73444.0,0.0,350.0,0.2859,0.289,0.297,0.3006,1.1641,o,774.0,,3191.0,
130891,2004,82473.0,0.0,289.0,0.2103,0.2112,0.2137,0.2148,1.0668,o,595.0,,3303.0,147.0
130891,2005,74228.0,0.0,345.0,0.2789,0.2744,0.2631,0.2583,0.7928,o,750.0,,3361.0,184.0
130891,2006,76504.0,0.0,366.0,0.287,0.2889,0.2937,0.2958,1.0957,o,815.0,198.0,3490.0,185.0
130891,2007,79512.0,0.0,362.0,0.2732,0.2769,0.2866,0.2911,1.2119,o,870.0,249.0,3575.0,178.0
130891,2008,85641.0,0.0,363.0,0.2543,0.2562,0.2611,0.2634,1.1118,o,895.0,266.0,3644.0,183.0
130891,2009,91929.0,0.0,413.0,0.2696,0.2707,0.2737,0.275,1.0623,o,839.0,225.0,3862.0,179.0
130891,2010,103915.0,0.0,421.0,0.2431,0.2422,0.24,0.2391,0.9507,o,946.0,171.0,4025.0,183.0
130891,2011,107166.0,0.0,460.0,0.2575,0.2591,0.2632,0.2651,1.0911,o,1029.0,159.0,4107.0,185.0
130891,2012,100239.0,0.0,477.0,0.2855,0.2884,0.2959,0.2992,1.1529,o,906.0,178.0,4199.0,193.0
130891,2013,94781.0,0.0,499.0,0.3159,0.314,0.3092,0.307,0.9175,o,881.0,165.0,4334.0,201.0
130891,2014,91657.0,0.0,508.0,0.3325,0.3304,0.3248,0.3224,0.9106,o,849.0,237.0,4450.0,206.0
130907,1998,37699.0,0.0,147.0,0.234,0.2363,0.2425,0.2453,1.1546,o,,,,
130907,1999,39133.0,0.0,108.0,0.1656,0.163,0.1566,0.1538,0.7989,o,,,,
130907,2000,36220.0,0.0,143.0,0.2369,0.2331,0.2237,0.2196,0.7947,o,,,,
130907,2001,40637.0,0.0,144.0,0.2126,0.2129,0.2135,0.2137,1.016,o,,,,
130907,2002,39310.0,0.0,143.0,0.2183,0.2231,0.2358,0.2418,1.3633,o,475.0,,3118.0,
130907,2003,45302.0,0.0,159.0,0.2106,0.2159,0.2303,0.237,1.4307,o,484.0,,3191.0,
130907,2004,53505.0,0.0,156.0,0.1749,0.1765,0.1805,0.1823,1.1335,o,550.0,,3303.0,112.0
130907,2005,49766.0,0.0,178.0,0.2146,0.2167,0.2221,0.2245,1.147,o,535.0,,3361.0,139.0
130907,2006,50936.0,0.0,182.0,0.2144,0.2149,0.2162,0.2168,1.0348,o,680.0,150.0,3490.0,150.0
130907,2007,58905.0,0.0,189.0,0.1925,0.1956,0.2037,0.2074,1.2535,o,792.0,166.0,3575.0,142.0
130907,2008,66298.0,0.0,221.0,0.2,0.2038,0.2137,0.2183,1.3037,o,831.0,142.0,3644.0,150.0
130907,2009,70464.0,0.0,272.0,0.2316,0.2336,0.2387,0.2411,1.1291,o,698.0,154.0,3862.0,155.0
130907,2010,74229.0,0.0,285.0,0.2304,0.228,0.2219,0.2192,0.8601,o,668.0,127.0,4025.0,173.0
130907,2011,74329.0,0.0,308.0,0.2486,0.2463,0.2404,0.2378,0.8738,o,772.0,146.0,4107.0,178.0
130907,2012,72223.0,0.0,389.0,0.3232,0.3259,0.3332,0.3365,1.1303,o,624.0,122.0,4199.0,183.0
130907,2013,67173.0,0.0,428.0,0.3823,0.3785,0.3689,0.3647,0.8667,o,659.0,145.0,4334.0,188.0
130907,2014,66633.0,0.0,382.0,0.344,0.3426,0.3391,0.3375,0.9441,o,620.0,171.0,4450.0,190.0
130907,2015,289076.0,0.0,1549.0,0.3215,0.3207,0.3188,0.3179,0.9665,o,2618.0,724.0,4608.0,216.0
130907,2016,280086.0,0.0,1617.0,0.3464,0.3823,0.4927,0.5515,4.0938,o,3072.0,757.0,4709.0,221.0
130907,2017,277189.0,0.0,1655.0,0.3582,0.3747,0.4205,0.4426,1.8975,o,2823.0,806.0,5873.0,230.0
130907,2018,270644.0,0.0,1709.0,0.3789,0.3787,0.3781,0.3779,0.9923,o,2979.0,754.0,6042.0,232.0
130907,2019,266570.0,43.0,1674.0,0.3961,0.3964,0.3972,0.3975,1.0107,o,2946.0,765.0,5984.0,237.0
130907,2020,252351.0,51.0,1596.0,0.4037,0.4042,0.4053,0.4058,1.0155,o,2590.0,643.0,5944.0,228.0
130907,2021,254567.0,94.0,1685.0,0.4415,0.4373,0.4269,0.4223,0.8743,o,2586.0,644.0,5772.0,219.0
130907,2022,224593.0,107.0,1741.0,0.5223,0.5198,0.5135,0.5107,0.9342,o,2273.0,782.0,5425.0,203.0
130907,2023,217521.0,127.0,1464.0,0.4739,0.4696,0.4588,0.454,0.8783,o,2516.0,997.0,5119.0,242.0
130907,2024,235644.0,168.0,1559.0,0.4825,0.4837,0.4867,0.4881,1.0356,o,2731.0,791.0,4965.0,206.0
130916,1998,128735.0,0.0,445.0,0.2074,0.2089,0.2127,0.2144,1.1062,o,,,,
130916,1999,132030.0,0.0,464.0,0.2109,0.2046,0.1892,0.1828,0.6484,o,,,,
130916,2000,121362.0,0.0,461.0,0.2279,0.2237,0.2134,0.2089,0.7682,o,,,,
130916,2001,132414.0,0.0,454.0,0.2057,0.2075,0.2123,0.2145,1.1344,o,,,,
130916,2002,128265.0,0.0,476.0,0.2227,0.2286,0.2447,0.2522,1.4579,o,1778.0,,3118.0,
130916,2003,144294.0,0.0,405.0,0.1684,0.1733,0.1864,0.1926,1.5011,o,1769.0,,3191.0,
130916,2004,179522.0,0.0,457.0,0.1527,0.154,0.1573,0.1588,1.1242,o,1402.0,,3303.0,120.0
130916,2005,147723.0,0.0,508.0,0.2063,0.203,0.1946,0.1909,0.7905,o,1410.0,,3361.0,155.0
130916,2006,145942.0,0.0,497.0,0.2043,0.2027,0.1984,0.1966,0.8893,o,1297.0,453.0,3490.0,159.0
130916,2007,145034.0,0.0,531.0,0.2197,0.2184,0.2153,0.2139,0.9225,o,1527.0,529.0,3575.0,158.0
130916,2008,148920.0,0.0,542.0,0.2184,0.2202,0.2251,0.2272,1.1282,o,1571.0,366.0,3644.0,160.0
130916,2009,153109.0,0.0,558.0,0.2187,0.2203,0.2246,0.2265,1.1126,o,1407.0,371.0,3862.0,166.0
130916,2010,162401.0,0.0,522.0,0.1929,0.1916,0.1883,0.1868,0.9083,o,1311.0,299.0,4025.0,179.0
130916,2011,160578.0,0.0,573.0,0.2141,0.2122,0.2074,0.2053,0.8805,o,1607.0,310.0,4107.0,181.0
130916,2012,152178.0,0.0,566.0,0.2232,0.2258,0.2327,0.2359,1.1825,o,1262.0,300.0,4199.0,190.0
130916,2013,149146.0,0.0,675.0,0.2715,0.2688,0.2619,0.2589,0.865,o,1304.0,288.0,4334.0,199.0
130916,2014,143401.0,0.0,747.0,0.3126,0.3105,0.3052,0.3029,0.909,o,1319.0,399.0,4450.0,184.0
130934,1998,86517.0,434.0,0.0,0.602,0.5929,0.5888,0.5833,0.939,o,,,,
130934,1999,84714.0,406.0,0.0,0.5751,0.5799,0.5821,0.5852,1.0353,o,,,,
130934,2000,82039.0,409.0,0.0,0.5983,0.6093,0.6144,0.6214,1.079,o,,,,
130934,2001,67437.0,373.0,0.0,0.6637,0.6802,0.6879,0.6985,1.1074,o,,,,
130934,2002,73238.0,346.0,0.0,0.5669,0.5911,0.6025,0.6184,1.1899,o,823.0,,6378.0,
130934,2003,77373.0,340.0,0.0,0.5273,0.5569,0.5711,0.5909,1.2558,o,618.0,,6723.0,201.0
130934,2004,73835.0,419.0,0.0,0.681,0.6727,0.669,0.6639,0.9505,o,747.0,,6627.0,229.0
130934,2005,79814.0,368.0,0.0,0.5533,0.5269,0.5153,0.4998,0.8159,o,940.0,,7478.0,270.0
130934,2006,81392.0,449.0,0.0,0.662,0.6642,0.6652,0.6665,1.0138,o,828.0,181.0,8538.0,335.0
130934,2007,81340.0,404.0,0.0,0.596,0.626,0.6402,0.6602,1.2269,o,806.0,200.0,8690.0,324.0
130934,2008,73994.0,455.0,0.0,0.7379,0.7705,0.7858,0.8073,1.1971,o,730.0,194.0,8994.0,356.0
130934,2009,78542.0,506.0,0.0,0.7731,0.7559,0.7481,0.7377,0.9105,o,757.0,219.0,9325.0,331.0
130934,2010,91628.0,436.0,0.0,0.571,0.5478,0.5374,0.5237,0.8411,o,906.0,225.0,9265.0,239.0
130934,2011,92260.0,497.0,0.0,0.6464,0.6492,0.6504,0.6521,1.0177,o,1086.0,233.0,9396.0,273.0
130934,2012,111582.0,505.0,0.0,0.5431,0.5781,0.5948,0.6185,1.2969,o,1036.0,215.0,9601.0,260.0
130934,2013,113908.0,535.0,0.0,0.5636,0.6138,0.6383,0.6733,1.427,o,922.0,216.0,9807.0,288.0
130934,2014,118060.0,550.0,0.0,0.559,0.5814,0.5919,0.6066,1.1774,o,894.0,207.0,9658.0,265.0
130934,2015,117173.0,533.0,0.0,0.5459,0.5339,0.5285,0.5212,0.9116,o,897.0,209.0,9577.0,246.0
130934,2016,116807.0,699.0,0.0,0.7181,0.6895,0.6767,0.6597,0.844,o,962.0,225.0,9763.0,250.0
130934,2017,117006.0,581.0,0.0,0.5959,0.5885,0.5851,0.5806,0.9494,o,951.0,198.0,9602.0,321.0
130934,2018,119194.0,613.0,0.0,0.6171,0.6249,0.6285,0.6334,1.0534,o,1047.0,222.0,9806.0,303.0
130934,2019,120782.0,658.0,0.0,0.6537,0.6711,0.6793,0.6905,1.1156,o,1142.0,233.0,9601.0,298.0
130934,2020,125520.0,637.0,0.0,0.609,0.6333,0.6448,0.6608,1.1775,o,1001.0,134.0,9926.0,343.0
130934,2021,120782.0,613.0,0.0,0.609,0.6259,0.6337,0.6446,1.1202,o,1023.0,156.0,9756.0,365.0
130934,2022,127605.0,694.0,0.0,0.6526,0.6547,0.6556,0.6569,1.013,o,1431.0,199.0,9169.0,337.0
130934,2023,132057.0,670.0,2.0,0.6097,0.6267,0.6346,0.6456,1.1211,o,1405.0,210.0,8652.0,261.0
130934,2024,140571.0,621.0,1.0,0.5306,0.5675,0.5852,0.6103,1.3234,o,1325.0,189.0,10314.0,286.0
130943,1998,483864.0,3088.0,9.0,0.767,0.7749,0.7786,0.7836,1.0438,o,,,,
130943,1999,498549.0,3255.0,12.0,0.7849,0.8007,0.808,0.8181,1.0862,o,,,,
130943,2000,500332.0,3327.0,8.0,0.7989,0.8138,0.8207,0.8302,1.0799,o,,,,
130943,2001,497700.0,3193.0,11.0,0.7712,0.7739,0.7752,0.7769,1.0149,o,,,,
130943,2002,497948.0,3533.0,3.0,0.8518,0.8423,0.838,0.8322,0.9546,o,3748.0,,9163.0,
130943,2003,502675.0,3672.0,8.0,0.8775,0.8669,0.862,0.8555,0.9503,o,3848.0,,9584.0,533.0
130943,2004,502762.0,3392.0,10.0,0.8108,0.8167,0.8195,0.8232,1.0308,o,3780.0,,10776.0,553.0
130943,2005,507571.0,3602.0,14.0,0.8532,0.8665,0.8726,0.8811,1.0663,o,3845.0,,11193.0,566.0
130943,2006,505410.0,3683.0,77.0,0.8836,0.8889,0.8913,0.8946,1.0251,o,3586.0,663.0,11402.0,568.0
130943,2007,495013.0,3417.0,161.0,0.8479,0.8434,0.8414,0.8386,0.9783,o,3936.0,489.0,11706.0,595.0
130943,2008,501916.0,3500.0,188.0,0.8593,0.8564,0.8551,0.8533,0.9861,o,3862.0,436.0,11926.0,612.0
130943,2009,506809.0,3569.0,195.0,0.8681,0.8728,0.875,0.8779,1.0227,o,4223.0,482.0,12440.0,623.0
130943,2010,518812.0,3361.0,254.0,0.8068,0.8233,0.8309,0.8415,1.088,o,3746.0,486.0,13560.0,688.0
130943,2011,520063.0,3621.0,252.0,0.8646,0.8766,0.8822,0.8899,1.0594,o,4254.0,508.0,14250.0,723.0
130943,2012,531445.0,3535.0,303.0,0.8324,0.8375,0.8399,0.8431,1.0259,o,4226.0,495.0,15228.0,758.0
130943,2013,542610.0,3741.0,256.0,0.8556,0.8655,0.87,0.8763,1.0489,o,4224.0,484.0,15616.0,771.0
130943,2014,544450.0,3749.0,281.0,0.8573,0.8694,0.875,0.8828,1.0604,o,4521.0,442.0,15946.0,788.0
130943,2015,564338.0,4015.0,325.0,0.8883,0.9075,0.9164,0.9287,1.0931,o,4487.0,379.0,16112.0,790.0
130943,2016,573569.0,4018.0,288.0,0.8708,0.8835,0.8894,0.8975,1.0623,o,4381.0,411.0,16231.0,775.0
130943,2017,575981.0,3978.0,288.0,0.8588,0.8688,0.8734,0.8798,1.0495,o,4671.0,426.0,16356.0,779.0
130943,2018,590572.0,4215.0,270.0,0.8839,0.8912,0.8946,0.8993,1.0351,o,4705.0,498.0,16401.0,777.0
130943,2019,596303.0,4320.0,271.0,0.8966,0.9053,0.9093,0.9148,1.0409,o,4617.0,557.0,16692.0,766.0
130943,2020,597826.0,4243.0,261.0,0.8779,0.8885,0.8934,0.9001,1.0512,o,4175.0,425.0,17164.0,754.0
130943,2021,597817.0,4254.0,325.0,0.8865,0.8803,0.8775,0.8737,0.9713,o,4617.0,438.0,17112.0,669.0
130943,2022,571841.0,4378.0,258.0,0.9458,0.9313,0.9247,0.9159,0.9377,o,4906.0,387.0,16478.0,661.0
130943,2023,585270.0,4285.0,260.0,0.9052,0.9099,0.912,0.9149,1.0216,o,4548.0,581.0,15952.0,627.0
130943,2024,597008.0,4176.0,196.0,0.8591,0.8742,0.8812,0.8908,1.0753,o,4420.0,654.0,16080.0,632.0
130989,1998,28753.0,107.0,85.0,0.6239,0.6895,0.7039,0.7413,1.4115,o,,,,
130989,1999,28253.0,155.0,44.0,0.7518,0.8493,0.871,0.9277,1.5227,o,,,,
130989,2000,31299.0,165.0,67.0,0.761,0.8054,0.8149,0.8391,1.2158,o,,,,
130989,2001,32386.0,156.0,62.0,0.6929,0.6452,0.6358,0.6128,0.7821,o,,,,
130989,2002,33903.0,181.0,63.0,0.7521,0.6603,0.6428,0.6009,0.6383,o,305.0,,14810.0,
130989,2003,31915.0,207.0,74.0,0.9174,0.893,0.8881,0.8758,0.9113,o,206.0,,15192.0,519.0
130989,2005,27908.0,193.0,45.0,0.9266,0.8922,0.8853,0.8681,0.8778,o,237.0,,16563.0,453.0
130989,2006,27794.0,175.0,41.0,0.8441,0.7905,0.7799,0.7539,0.7978,o,145.0,70.0,18463.0,464.0
130989,2007,27001.0,163.0,26.0,0.7822,0.7189,0.7065,0.6763,0.7476,o,101.0,63.0,20054.0,454.0
130989,2008,23630.0,166.0,27.0,0.9116,0.7946,0.7723,0.7194,0.6228,o,102.0,53.0,21730.0,466.0
130989,2009,20474.0,149.0,31.0,0.9641,0.7777,0.7438,0.6656,0.4765,o,78.0,29.0,24431.0,525.0
130989,2010,18837.0,139.0,26.0,0.9683,0.7785,0.7441,0.6647,0.4712,o,105.0,69.0,25559.0,493.0
130989,2011,20018.0,139.0,26.0,0.9112,0.8363,0.8216,0.7859,0.7439,o,108.0,42.0,26048.0,519.0
130989,2012,18799.0,146.0,23.0,1.0054,1.0195,1.0224,1.0298,1.0493,o,96.0,58.0,27022.0,505.0
130989,2013,17018.0,118.0,25.0,0.9202,0.9542,0.9614,0.9796,1.1333,o,100.0,58.0,28233.0,573.0
130989,2014,15916.0,123.0,20.0,1.0028,1.0229,1.0271,1.0378,1.071,o,166.0,76.0,29149.0,629.0
130989,2015,16991.0,136.0,22.0,1.0382,1.1073,1.1222,1.1602,1.2488,o,120.0,68.0,29373.0,602.0
130989,2016,17211.0,134.0,20.0,1.004,1.1074,1.13,1.1888,1.402,o,164.0,83.0,29753.0,595.0
130989,2017,19271.0,125.0,19.0,0.8375,0.9326,0.9536,1.0082,1.449,o,165.0,86.0,29830.0,558.0
130989,2018,21394.0,190.0,30.0,1.1499,1.223,1.2387,1.2788,1.2368,o,151.0,78.0,29724.0,499.0
130989,2019,20885.0,170.0,30.0,1.063,1.0942,1.1007,1.1173,1.1049,o,163.0,65.0,29651.0,501.0
130989,2020,20441.0,163.0,24.0,1.0273,1.0577,1.0641,1.0802,1.1056,o,144.0,40.0,29784.0,411.0
130989,2021,19534.0,173.0,26.0,1.1426,1.1199,1.1153,1.1038,0.9331,o,128.0,64.0,29764.0,394.0
130989,2022,18240.0,148.0,11.0,1.0099,0.9669,0.9582,0.9369,0.8608,o,103.0,65.0,13987.0,355.0
130989,2023,17163.0,143.0,24.0,1.0837,0.9914,0.9733,0.9295,0.7357,o,153.0,81.0,13509.0,311.0
130989,2024,18580.0,131.0,12.0,0.8848,0.8394,0.8303,0.808,0.8339,o,168.0,87.0,13440.0,293.0
131098,1998,29964.0,167.0,48.0,0.7649,0.6998,0.687,0.6561,0.7357,o,,,,
131098,1999,47250.0,126.0,23.0,0.3492,0.3292,0.3252,0.3154,0.816,o,,,,
131098,2000,44994.0,130.0,32.0,0.3894,0.4597,0.4757,0.5184,1.7724,o,,,,
131098,2001,45127.0,151.0,24.0,0.4334,0.5549,0.584,0.6636,2.3437,o,,,,
131098,2002,49196.0,206.0,75.0,0.594,0.6612,0.676,0.7146,1.4474,o,518.0,,21530.0,
131098,2003,49881.0,275.0,59.0,0.7325,0.7173,0.7142,0.7065,0.9302,o,429.0,,22301.0,406.0
131098,2004,48620.0,247.0,111.0,0.7466,0.7232,0.7184,0.7067,0.8959,o,488.0,,22728.0,634.0
131098,2005,60430.0,247.0,80.0,0.5699,0.5995,0.6059,0.6219,1.1909,o,528.0,,23120.0,541.0
131098,2006,62444.0,247.0,34.0,0.5073,0.5221,0.5253,0.5331,1.1043,o,499.0,132.0,23962.0,583.0
131098,2007,63686.0,260.0,25.0,0.5135,0.5257,0.5282,0.5347,1.0845,o,484.0,60.0,25073.0,606.0
131098,2008,62229.0,260.0,27.0,0.5274,0.5381,0.5404,0.5461,1.072,o,444.0,89.0,25724.0,626.0
131098,2009,59118.0,268.0,45.0,0.5897,0.5744,0.5713,0.5636,0.9134,o,593.0,74.0,26661.0,633.0
131098,2010,55791.0,263.0,52.0,0.6216,0.6234,0.6237,0.6246,1.0097,o,503.0,101.0,28490.0,774.0
131098,2011,48656.0,236.0,56.0,0.6511,0.672,0.6764,0.6875,1.115,o,530.0,76.0,28728.0,876.0
131098,2012,44602.0,240.0,32.0,0.6888,0.7105,0.7151,0.7267,1.1131,o,573.0,84.0,29342.0,908.0
131098,2013,39657.0,200.0,30.0,0.6506,0.6623,0.6648,0.671,1.0636,o,463.0,132.0,29933.0,978.0
131098,2014,43639.0,156.0,7.0,0.4386,0.4315,0.43,0.4264,0.9453,o,470.0,207.0,31058.0,634.0
131098,2015,42483.0,176.0,4.0,0.5028,0.4882,0.4852,0.4778,0.9032,o,475.0,86.0,31462.0,632.0
131098,2016,44029.0,167.0,0.0,0.4552,0.4352,0.4312,0.4213,0.8568,o,353.0,56.0,32437.0,590.0
131098,2017,38433.0,218.0,1.0,0.6822,0.6393,0.6308,0.6099,0.7992,o,407.0,60.0,32693.0,638.0
131098,2018,37644.0,207.0,3.0,0.6646,0.6263,0.6186,0.5999,0.8146,o,281.0,64.0,32909.0,616.0
131098,2019,33667.0,209.0,2.0,0.7485,0.6827,0.6698,0.6387,0.728,o,243.0,49.0,32221.0,617.0
131098,2020,31280.0,176.0,1.0,0.6771,0.593,0.5769,0.5387,0.6328,o,151.0,31.0,32159.0,548.0
131098,2021,27207.0,220.0,3.0,0.977,0.8075,0.7763,0.7034,0.5184,o,,,31847.0,
131113,1998,68280.0,587.0,20.0,1.0492,1.3612,1.4365,1.6436,2.4539,o,,,,
131113,1999,74220.0,574.0,20.0,0.9442,0.978,0.9852,1.0033,1.1291,o,,,,
131113,2000,65629.0,585.0,25.0,1.0925,1.0836,1.0818,1.0772,0.9721,o,,,,
131113,2001,72362.0,593.0,29.0,1.0074,1.0698,1.0831,1.1173,1.23,o,,,,
131113,2002,81773.0,628.0,29.0,0.9429,0.9461,0.9468,0.9484,1.0119,o,799.0,,11225.0,
131113,2003,91501.0,629.0,33.0,0.8465,0.8081,0.8003,0.7813,0.8518,o,499.0,,11369.0,355.0
131113,2004,95885.0,803.0,28.0,1.0225,0.9297,0.9116,0.8678,0.7203,o,374.0,,11492.0,371.0
131113,2005,97215.0,810.0,34.0,1.0208,0.8533,0.8222,0.7494,0.5389,o,340.0,,11734.0,390.0
131113,2006,111883.0,838.0,71.0,0.9369,0.7448,0.7103,0.6308,0.4533,o,294.0,603.0,11873.0,368.0
131113,2007,113387.0,849.0,61.0,0.9308,0.7562,0.7243,0.6505,0.4884,o,549.0,749.0,12114.0,381.0
131113,2008,118769.0,929.0,38.0,0.9578,0.9482,0.9462,0.9412,0.9656,o,659.0,1064.0,12365.0,377.0
131113,2009,132455.0,963.0,51.0,0.8955,1.0431,1.0765,1.1649,1.6919,o,511.0,1270.0,12676.0,397.0
131113,2010,146310.0,1276.0,73.0,1.0765,1.2858,1.334,1.4624,1.8454,o,577.0,1224.0,12980.0,405.0
131113,2011,167434.0,1349.0,51.0,0.9851,1.0608,1.0771,1.1191,1.2906,o,672.0,1113.0,12968.0,401.0
131113,2012,171239.0,1420.0,57.0,1.0151,1.0249,1.027,1.0322,1.0339,o,767.0,1454.0,12885.0,414.0
131113,2013,185375.0,1595.0,57.0,1.051,1.116,1.1299,1.1655,1.2299,o,840.0,1406.0,12980.0,415.0
131113,2014,218251.0,1727.0,62.0,0.9666,1.0823,1.108,1.1747,1.477,o,551.0,1564.0,13100.0,353.0
131113,2015,208828.0,1997.0,45.0,1.1605,1.1973,1.205,1.2247,1.1137,o,642.0,1882.0,13303.0,416.0
131113,2016,199630.0,1952.0,69.0,1.1941,1.1309,1.1183,1.0873,0.829,o,682.0,1289.0,13522.0,430.0
131113,2017,190054.0,1954.0,64.0,1.254,1.1855,1.1718,1.1382,0.8239,o,948.0,1433.0,13602.0,434.0
131113,2018,173957.0,2125.0,38.0,1.479,1.5486,1.5634,1.601,1.1718,o,612.0,1527.0,13634.0,430.0
131113,2019,184919.0,1843.0,22.0,1.2031,1.3004,1.3215,1.3758,1.3076,o,511.0,1603.0,13679.0,414.0
131113,2020,203818.0,1747.0,24.0,1.0356,0.9873,0.9776,0.9538,0.8482,o,625.0,1318.0,13798.0,390.0
131113,2021,189336.0,1831.0,52.0,1.177,1.0599,1.0372,0.9826,0.6969,o,649.0,1204.0,13400.0,404.0
131113,2022,176392.0,1691.0,34.0,1.162,1.0957,1.0824,1.0501,0.8167,o,774.0,1409.0,12901.0,376.0
131113,2023,190258.0,1456.0,43.0,0.9319,0.9981,1.0124,1.049,1.2671,o,793.0,1392.0,12453.0,362.0
131113,2024,199766.0,1496.0,79.0,0.9224,1.0126,1.0323,1.0833,1.3794,o,607.0,1157.0,12330.0,364.0
244190,1999,5991.0,38.0,26.0,1.0215,1.3434,1.4217,1.6381,2.5714,o,,,,
244190,2001,3666.0,38.0,14.0,1.473,1.4334,1.4253,1.4053,0.9103,o,,,,
244190,2002,4625.0,42.0,24.0,1.4011,1.4159,1.419,1.4268,1.037,o,40.0,,19176.0,
244190,2003,4389.0,41.0,12.0,1.285,1.2197,1.2067,1.1746,0.8354,o,70.0,,,
244190,2004,4980.0,33.0,12.0,0.9398,1.067,1.0954,1.1697,1.5493,o,40.0,,19320.0,
244190,2005,3862.0,27.0,12.0,1.0254,1.2471,1.2987,1.4371,1.9643,o,83.0,,18542.0,
244190,2006,3085.0,18.0,8.0,0.8558,1.0251,1.0641,1.1682,1.8636,o,33.0,7.0,18105.0,
244190,2007,2922.0,20.0,6.0,0.9446,0.9592,0.9623,0.97,1.0545,o,29.0,17.0,18194.0,
244190,2008,3152.0,12.0,5.0,0.552,0.4675,0.4517,0.4144,0.5636,o,25.0,13.0,18526.0,
244190,2009,3615.0,17.0,8.0,0.6971,0.5491,0.5226,0.4619,0.439,o,27.0,6.0,17956.0,
244190,2010,3534.0,17.0,3.0,0.6282,0.4978,0.4744,0.4206,0.4483,o,34.0,9.0,17840.0,
244190,2011,3514.0,12.0,6.0,0.5122,0.5098,0.5093,0.5081,0.9839,o,40.0,8.0,17212.0,
244190,2012,3002.0,15.0,9.0,0.7795,0.8541,0.8704,0.9125,1.3704,o,39.0,6.0,17389.0,
244190,2013,2690.0,14.0,4.0,0.7138,0.8058,0.8263,0.8798,1.5192,o,28.0,5.0,17445.0,
244190,2014,2140.0,11.0,4.0,0.729,0.7491,0.7533,0.764,1.0984,o,16.0,3.0,17181.0,
244190,2015,1600.0,17.0,3.0,1.3875,1.1933,1.1567,1.0699,0.5946,o,7.0,4.0,17506.0,
432524,1999,3519.0,0.0,34.0,0.5797,0.5797,0.5797,0.5797,,-,,,,
432524,2000,3986.0,0.0,39.0,0.5871,0.5871,0.5871,0.5871,,-,,,,
432524,2002,5461.0,0.0,53.0,0.5823,0.5823,0.5823,0.5823,,-,86.0,,18188.0,
432524,2003,5292.0,0.0,47.0,0.5329,0.5329,0.5329,0.5329,,-,69.0,,19543.0,550.0
432524,2004,4947.0,0.0,43.0,0.5215,0.5215,0.5215,0.5215,,-,88.0,,20215.0,555.0
432524,2005,5519.0,0.0,47.0,0.511,0.511,0.511,0.511,,-,95.0,,21665.0,643.0
432524,2006,5454.0,0.0,52.0,0.5721,0.5721,0.5721,0.5721,,-,82.0,7.0,22520.0,633.0
432524,2007,5788.0,0.0,35.0,0.3628,0.3628,0.3628,0.3628,,-,103.0,13.0,23029.0,622.0
432524,2008,6954.0,0.0,64.0,0.5522,0.5522,0.5522,0.5522,,-,112.0,,24124.0,668.0
432524,2009,7838.0,0.0,72.0,0.5512,0.5512,0.5512,0.5512,,-,120.0,10.0,24978.0,608.0
432524,2010,7150.0,0.0,60.0,0.5035,0.5035,0.5035,0.5035,,-,112.0,8.0,26917.0,411.0
432524,2011,7669.0,0.0,76.0,0.5946,0.5946,0.5946,0.5946,,-,118.0,11.0,26449.0,553.0
432524,2012,8145.0,0.0,78.0,0.5746,0.5746,0.5746,0.5746,,-,89.0,12.0,27580.0,585.0
432524,2013,7023.0,0.0,83.0,0.7091,0.7091,0.7091,0.7091,,-,91.0,20.0,28567.0,602.0
432524,2014,6158.0,0.0,65.0,0.6333,0.6333,0.6333,0.6333,,-,74.0,12.0,29478.0,654.0
432524,2015,6044.0,0.0,79.0,0.7842,0.7842,0.7842,0.7842,,-,62.0,10.0,30195.0,651.0
432524,2016,4996.0,0.0,62.0,0.7446,0.7446,0.7446,0.7446,,-,89.0,7.0,31102.0,643.0
432524,2017,5422.0,0.0,55.0,0.6086,0.6086,0.6086,0.6086,,-,53.0,10.0,31653.0,617.0
432524,2018,4363.0,0.0,58.0,0.7976,0.7976,0.7976,0.7976,,-,59.0,11.0,32042.0,696.0
432524,2019,3522.0,0.0,25.0,0.4259,0.4259,0.4259,0.4259,,-,66.0,10.0,31371.0,683.0
432524,2020,3822.0,0.0,42.0,0.6593,0.6593,0.6593,0.6593,,-,37.0,8.0,30974.0,666.0
432524,2021,2811.0,0.0,38.0,0.8111,0.8111,0.8111,0.8111,,-,64.0,7.0,30080.0,714.0
432524,2022,3099.0,0.0,27.0,0.5227,0.5227,0.5227,0.5227,,-,65.0,7.0,28271.0,651.0
432524,2023,3432.0,0.0,46.0,0.8042,0.8042,0.8042,0.8042,,-,44.0,4.0,30537.0,658.0
450298,2010,8949.0,13.0,16.0,0.2816,0.2816,0.2816,0.2816,,x,39.0,29.0,,537.0
450298,2011,7302.0,23.0,12.0,0.4766,0.4766,0.4766,0.4766,,x,61.0,40.0,19662.0,833.0
450298,2012,7729.0,24.0,13.0,0.4735,0.4735,0.4735,0.4735,,x,27.0,16.0,20144.0,720.0
450298,2013,6390.0,27.0,15.0,0.6479,0.6479,0.6479,0.6479,,x,37.0,17.0,20032.0,734.0
450298,2014,5745.0,22.0,4.0,0.5013,0.5013,0.5013,0.5013,,x,46.0,20.0,20400.0,715.0
450298,2015,5481.0,21.0,12.0,0.5911,0.5911,0.5911,0.5911,,x,44.0,22.0,16938.0,660.0
450298,2016,5937.0,18.0,8.0,0.4446,0.4446,0.4446,0.4446,,x,24.0,55.0,16821.0,620.0
450298,2017,5883.0,17.0,9.0,0.4386,0.4386,0.4386,0.4386,,x,33.0,50.0,16540.0,588.0
450298,2018,6255.0,35.0,13.0,0.7961,0.7961,0.7961,0.7961,,x,27.0,73.0,17270.0,532.0
450298,2019,6708.0,31.0,13.0,0.6708,0.6708,0.6708,0.6708,,x,46.0,77.0,16326.0,516.0
450298,2020,8274.0,19.0,12.0,0.3626,0.3626,0.3626,0.3626,,x,27.0,61.0,16244.0,504.0
450298,2021,7629.0,34.0,8.0,0.5977,0.5977,0.5977,0.5977,,x,16.0,44.0,15775.0,
450298,2022,5886.0,31.0,11.0,0.7441,0.7441,0.7441,0.7441,,x,9.0,31.0,14826.0,
450298,2023,5619.0,25.0,9.0,0.63,0.63,0.63,0.63,,x,18.0,28.0,13990.0,
450298,2024,4629.0,30.0,17.0,0.998,0.998,0.998,0.998,,x,3.0,12.0,13920.0,
462406,2012,459.0,0.0,0.0,0.0,0.0,0.0,0.0,,x,10.0,8.0,13414.0,639.0
462406,2013,1110.0,0.0,0.0,0.0,0.0,0.0,0.0,,x,,,13689.0,497.0
