item,scenario,central,per_ba_2010,per_ba_2022,change_in_T,contribution
1 AP credit,"low schedule, all exams, u = 1.0",False,2.05992,3.03591,-0.976,0.00367
1 AP credit,"low schedule, all exams, u = 0.584",False,1.20299,1.77297,-0.56998,0.00214
1 AP credit,"low schedule, sent exams, u = 1.0",False,1.08244,1.21024,-0.1278,0.00048
1 AP credit,"low schedule, sent exams, u = 0.584",False,0.63215,0.70678,-0.07463,0.00028
1 AP credit,"central schedule, all exams, u = 1.0",False,2.89121,4.26702,-1.37581,0.00517
1 AP credit,"central schedule, all exams, u = 0.584",False,1.68847,2.49194,-0.80347,0.00302
1 AP credit,"central schedule, sent exams, u = 1.0",False,1.51943,1.70101,-0.18158,0.00068
1 AP credit,"central schedule, sent exams, u = 0.584",False,0.88735,0.99339,-0.10604,0.0004
1 AP credit,"scorewtd schedule, all exams, u = 1.0",True,2.80511,4.13995,-1.33484,0.00501
1 AP credit,"scorewtd schedule, all exams, u = 0.584",False,1.63819,2.41773,-0.77954,0.00293
1 AP credit,"scorewtd schedule, sent exams, u = 1.0",False,1.47418,1.65035,-0.17617,0.00066
1 AP credit,"scorewtd schedule, sent exams, u = 0.584",False,0.86092,0.96381,-0.10289,0.00039
1 AP credit,"high schedule, all exams, u = 1.0",False,3.35298,5.03417,-1.68119,0.00631
1 AP credit,"high schedule, all exams, u = 0.584",False,1.95814,2.93995,-0.98181,0.00369
1 AP credit,"high schedule, sent exams, u = 1.0",False,1.76212,2.00689,-0.24477,0.00092
1 AP credit,"high schedule, sent exams, u = 0.584",False,1.02908,1.17202,-0.14295,0.00054
2 Fewer leavers,"c_e 11, c_l 30, rho 0.0, nsc, six",False,5.02048,4.34227,-0.67821,0.00255
2 Fewer leavers,"c_e 11, c_l 30, rho 0.0, nsc, eight",False,5.19138,4.38058,-0.8108,0.00305
2 Fewer leavers,"c_e 11, c_l 30, rho 0.0, people, six",False,8.475,7.17708,-1.29792,0.00488
2 Fewer leavers,"c_e 11, c_l 30, rho 0.0, people, eight",False,8.37317,6.91793,-1.45525,0.00547
2 Fewer leavers,"c_e 11, c_l 30, rho 0.0, awards, six",False,9.78416,8.45305,-1.33112,0.005
2 Fewer leavers,"c_e 11, c_l 30, rho 0.0, awards, eight",False,9.66661,8.14782,-1.51879,0.0057
2 Fewer leavers,"c_e 11, c_l 30, rho 0.25, nsc, six",False,6.43362,5.47101,-0.96261,0.00362
2 Fewer leavers,"c_e 11, c_l 30, rho 0.25, nsc, eight",False,6.60519,5.54754,-1.05765,0.00397
2 Fewer leavers,"c_e 11, c_l 30, rho 0.25, people, six",False,10.9685,9.13264,-1.83587,0.0069
2 Fewer leavers,"c_e 11, c_l 30, rho 0.25, people, eight",False,10.65878,8.76515,-1.89363,0.00711
2 Fewer leavers,"c_e 11, c_l 30, rho 0.25, awards, six",False,12.66285,10.75627,-1.90659,0.00716
2 Fewer leavers,"c_e 11, c_l 30, rho 0.25, awards, eight",False,12.30528,10.32344,-1.98184,0.00744
2 Fewer leavers,"c_e 11, c_l 30, rho 0.4, nsc, six",False,7.28892,6.15515,-1.13377,0.00426
2 Fewer leavers,"c_e 11, c_l 30, rho 0.4, nsc, eight",False,7.47964,6.26968,-1.20996,0.00454
2 Fewer leavers,"c_e 11, c_l 30, rho 0.4, people, six",False,12.46453,10.30595,-2.15857,0.00811
2 Fewer leavers,"c_e 11, c_l 30, rho 0.4, people, eight",False,12.03014,9.87352,-2.15662,0.0081
2 Fewer leavers,"c_e 11, c_l 30, rho 0.4, awards, six",False,14.38997,12.13818,-2.25179,0.00846
2 Fewer leavers,"c_e 11, c_l 30, rho 0.4, awards, eight",False,13.88848,11.62886,-2.25962,0.00849
2 Fewer leavers,"c_e 11, c_l 40, rho 0.0, nsc, six",False,5.55987,4.88166,-0.67821,0.00255
2 Fewer leavers,"c_e 11, c_l 40, rho 0.0, nsc, eight",False,5.80519,4.91852,-0.88667,0.00333
2 Fewer leavers,"c_e 11, c_l 40, rho 0.0, people, six",False,9.37533,8.05984,-1.31549,0.00494
2 Fewer leavers,"c_e 11, c_l 40, rho 0.0, people, eight",False,9.39993,7.79794,-1.60199,0.00602
2 Fewer leavers,"c_e 11, c_l 40, rho 0.0, awards, six",False,10.82357,9.49274,-1.33083,0.005
2 Fewer leavers,"c_e 11, c_l 40, rho 0.0, awards, eight",False,10.85197,9.18428,-1.6677,0.00626
2 Fewer leavers,"c_e 11, c_l 40, rho 0.25, nsc, six",False,7.72995,6.61522,-1.11473,0.00419
2 Fewer leavers,"c_e 11, c_l 40, rho 0.25, nsc, eight",False,7.98777,6.72061,-1.26716,0.00476
2 Fewer leavers,"c_e 11, c_l 40, rho 0.25, people, six",False,13.18103,11.0447,-2.13634,0.00802
2 Fewer leavers,"c_e 11, c_l 40, rho 0.25, people, eight",False,12.88843,10.61745,-2.27098,0.00853
2 Fewer leavers,"c_e 11, c_l 40, rho 0.25, awards, six",False,15.21716,13.00826,-2.2089,0.0083
2 Fewer leavers,"c_e 11, c_l 40, rho 0.25, awards, eight",False,14.87936,12.50505,-2.37431,0.00892
2 Fewer leavers,"c_e 11, c_l 40, rho 0.4, nsc, six",False,9.0717,7.69002,-1.38168,0.00519
2 Fewer leavers,"c_e 11, c_l 40, rho 0.4, nsc, eight",False,9.3019,7.80553,-1.49638,0.00562
2 Fewer leavers,"c_e 11, c_l 40, rho 0.4, people, six",False,15.46456,12.83551,-2.62905,0.00988
2 Fewer leavers,"c_e 11, c_l 40, rho 0.4, people, eight",False,14.9816,12.30907,-2.67252,0.01004
2 Fewer leavers,"c_e 11, c_l 40, rho 0.4, awards, six",False,17.85343,15.11745,-2.73598,0.01028
2 Fewer leavers,"c_e 11, c_l 40, rho 0.4, awards, eight",False,17.29586,14.49742,-2.79845,0.01051
2 Fewer leavers,"c_e 11, c_l 55, rho 0.0, nsc, six",False,6.19392,5.53463,-0.65929,0.00248
2 Fewer leavers,"c_e 11, c_l 55, rho 0.0, nsc, eight",False,6.72636,5.72575,-1.00061,0.00376
2 Fewer leavers,"c_e 11, c_l 55, rho 0.0, people, six",False,10.72572,9.38397,-1.34176,0.00504
2 Fewer leavers,"c_e 11, c_l 55, rho 0.0, people, eight",False,10.93996,9.11811,-1.82186,0.00684
2 Fewer leavers,"c_e 11, c_l 55, rho 0.0, awards, six",False,12.38257,11.05228,-1.33029,0.005
2 Fewer leavers,"c_e 11, c_l 55, rho 0.0, awards, eight",False,12.6299,10.73915,-1.89075,0.0071
2 Fewer leavers,"c_e 11, c_l 55, rho 0.25, nsc, six",False,9.67763,8.33415,-1.34349,0.00505
2 Fewer leavers,"c_e 11, c_l 55, rho 0.25, nsc, eight",False,10.0071,8.43417,-1.57294,0.00591
2 Fewer leavers,"c_e 11, c_l 55, rho 0.25, people, six",False,16.49993,13.91268,-2.58725,0.00972
2 Fewer leavers,"c_e 11, c_l 55, rho 0.25, people, eight",False,16.23297,13.3958,-2.83717,0.01066
2 Fewer leavers,"c_e 11, c_l 55, rho 0.25, awards, six",False,19.04874,16.38613,-2.66262,0.01
2 Fewer leavers,"c_e 11, c_l 55, rho 0.25, awards, eight",False,18.74054,15.77734,-2.9632,0.01113
2 Fewer leavers,"c_e 11, c_l 55, rho 0.4, nsc, six",False,11.69386,9.94838,-1.74548,0.00656
2 Fewer leavers,"c_e 11, c_l 55, rho 0.4, nsc, eight",False,11.9878,10.06938,-1.91842,0.00721
2 Fewer leavers,"c_e 11, c_l 55, rho 0.4, people, six",False,19.96456,16.62996,-3.33461,0.01253
2 Fewer leavers,"c_e 11, c_l 55, rho 0.4, people, eight",False,19.40883,15.96245,-3.44638,0.01295
2 Fewer leavers,"c_e 11, c_l 55, rho 0.4, awards, six",False,23.04857,19.58648,-3.46209,0.013
2 Fewer leavers,"c_e 11, c_l 55, rho 0.4, awards, eight",False,22.407,18.80031,-3.60669,0.01355
2 Fewer leavers,"c_e 15, c_l 30, rho 0.0, nsc, six",False,6.25672,5.33209,-0.92463,0.00347
2 Fewer leavers,"c_e 15, c_l 30, rho 0.0, nsc, eight",False,6.38789,5.36827,-1.01962,0.00383
2 Fewer leavers,"c_e 15, c_l 30, rho 0.0, people, six",False,10.5748,8.82389,-1.75092,0.00658
2 Fewer leavers,"c_e 15, c_l 30, rho 0.0, people, eight",False,10.29787,8.47347,-1.82441,0.00685
2 Fewer leavers,"c_e 15, c_l 30, rho 0.0, awards, six",False,12.20834,10.39263,-1.81571,0.00682
2 Fewer leavers,"c_e 15, c_l 30, rho 0.0, awards, eight",False,11.88863,9.97991,-1.90872,0.00717
2 Fewer leavers,"c_e 15, c_l 30, rho 0.25, nsc, six",False,7.39837,6.24556,-1.15281,0.00433
2 Fewer leavers,"c_e 15, c_l 30, rho 0.25, nsc, eight",False,7.47591,6.26595,-1.20996,0.00454
2 Fewer leavers,"c_e 15, c_l 30, rho 0.25, people, six",False,12.54331,10.36774,-2.17556,0.00817
2 Fewer leavers,"c_e 15, c_l 30, rho 0.25, people, eight",False,12.10238,9.93185,-2.17053,0.00815
2 Fewer leavers,"c_e 15, c_l 30, rho 0.25, awards, six",False,14.48092,12.21095,-2.26997,0.00853
2 Fewer leavers,"c_e 15, c_l 30, rho 0.25, awards, eight",False,13.97188,11.69757,-2.27431,0.00854
2 Fewer leavers,"c_e 15, c_l 30, rho 0.4, nsc, six",False,8.06252,6.77629,-1.28623,0.00483
2 Fewer leavers,"c_e 15, c_l 30, rho 0.4, nsc, eight",False,8.1304,6.806,-1.3244,0.00497
2 Fewer leavers,"c_e 15, c_l 30, rho 0.4, people, six",False,13.72441,11.2941,-2.43031,0.00913
2 Fewer leavers,"c_e 15, c_l 30, rho 0.4, people, eight",False,13.18498,10.80678,-2.3782,0.00893
2 Fewer leavers,"c_e 15, c_l 30, rho 0.4, awards, six",False,15.84448,13.302,-2.54248,0.00955
2 Fewer leavers,"c_e 15, c_l 30, rho 0.4, awards, eight",False,15.22172,12.72805,-2.49367,0.00937
2 Fewer leavers,"c_e 15, c_l 40, rho 0.0, nsc, six",False,6.65571,5.75006,-0.90565,0.0034
2 Fewer leavers,"c_e 15, c_l 40, rho 0.0, nsc, eight",False,7.00405,5.90836,-1.0957,0.00412
2 Fewer leavers,"c_e 15, c_l 40, rho 0.0, people, six",False,11.47503,9.70664,-1.76839,0.00664
2 Fewer leavers,"c_e 15, c_l 40, rho 0.0, people, eight",False,11.32463,9.35358,-1.97105,0.0074
2 Fewer leavers,"c_e 15, c_l 40, rho 0.0, awards, six",False,13.24763,11.43232,-1.81531,0.00682
2 Fewer leavers,"c_e 15, c_l 40, rho 0.0, awards, eight",False,13.07399,11.01649,-2.0575,0.00773
2 Fewer leavers,"c_e 15, c_l 40, rho 0.25, nsc, six",False,8.69888,7.39357,-1.30531,0.0049
2 Fewer leavers,"c_e 15, c_l 40, rho 0.25, nsc, eight",False,8.86048,7.44059,-1.41989,0.00533
2 Fewer leavers,"c_e 15, c_l 40, rho 0.25, people, six",True,14.75584,12.2798,-2.47604,0.0093
2 Fewer leavers,"c_e 15, c_l 40, rho 0.25, people, eight",False,14.33204,11.78405,-2.54798,0.00957
2 Fewer leavers,"c_e 15, c_l 40, rho 0.25, awards, six",False,17.03523,14.46294,-2.57229,0.00966
2 Fewer leavers,"c_e 15, c_l 40, rho 0.25, awards, eight",False,16.54596,13.87906,-2.6669,0.01002
2 Fewer leavers,"c_e 15, c_l 40, rho 0.4, nsc, six",False,9.84909,8.31445,-1.53465,0.00576
2 Fewer leavers,"c_e 15, c_l 40, rho 0.4, nsc, eight",False,9.95538,8.34414,-1.61124,0.00605
2 Fewer leavers,"c_e 15, c_l 40, rho 0.4, people, six",False,16.72434,13.82366,-2.90068,0.0109
2 Fewer leavers,"c_e 15, c_l 40, rho 0.4, people, eight",False,16.13644,13.24244,-2.894,0.01087
2 Fewer leavers,"c_e 15, c_l 40, rho 0.4, awards, six",False,19.30782,16.28127,-3.02655,0.01137
2 Fewer leavers,"c_e 15, c_l 40, rho 0.4, awards, eight",False,18.6291,15.59672,-3.03238,0.01139
2 Fewer leavers,"c_e 15, c_l 55, rho 0.0, nsc, six",False,7.44837,6.54272,-0.90565,0.0034
2 Fewer leavers,"c_e 15, c_l 55, rho 0.0, nsc, eight",False,7.92753,6.71757,-1.20996,0.00454
2 Fewer leavers,"c_e 15, c_l 55, rho 0.0, people, six",False,12.82543,11.03077,-1.79465,0.00674
2 Fewer leavers,"c_e 15, c_l 55, rho 0.0, people, eight",False,12.86477,10.67365,-2.19112,0.00823
2 Fewer leavers,"c_e 15, c_l 55, rho 0.0, awards, six",False,14.80662,12.99186,-1.81476,0.00682
2 Fewer leavers,"c_e 15, c_l 55, rho 0.0, awards, eight",False,14.85204,12.57124,-2.2808,0.00857
2 Fewer leavers,"c_e 15, c_l 55, rho 0.25, nsc, six",False,10.51957,9.00407,-1.51551,0.00569
2 Fewer leavers,"c_e 15, c_l 55, rho 0.25, nsc, eight",False,11.00537,9.2599,-1.74548,0.00656
2 Fewer leavers,"c_e 15, c_l 55, rho 0.25, people, six",False,18.07474,15.14779,-2.92695,0.01099
2 Fewer leavers,"c_e 15, c_l 55, rho 0.25, people, eight",False,17.67657,14.5625,-3.11407,0.0117
2 Fewer leavers,"c_e 15, c_l 55, rho 0.25, awards, six",False,20.86681,17.84081,-3.026,0.01137
2 Fewer leavers,"c_e 15, c_l 55, rho 0.25, awards, eight",False,20.40714,17.15147,-3.25567,0.01223
2 Fewer leavers,"c_e 15, c_l 55, rho 0.4, nsc, six",False,12.47694,10.57776,-1.89918,0.00713
2 Fewer leavers,"c_e 15, c_l 55, rho 0.4, nsc, eight",False,12.76498,10.71179,-2.0532,0.00771
2 Fewer leavers,"c_e 15, c_l 55, rho 0.4, people, six",False,21.22434,17.618,-3.60634,0.01355
2 Fewer leavers,"c_e 15, c_l 55, rho 0.4, people, eight",False,20.56368,16.89582,-3.66786,0.01378
2 Fewer leavers,"c_e 15, c_l 55, rho 0.4, awards, six",False,24.50295,20.75018,-3.75277,0.0141
2 Fewer leavers,"c_e 15, c_l 55, rho 0.4, awards, eight",False,23.74023,19.89961,-3.84062,0.01443
2 Fewer leavers,"c_e 20, c_l 30, rho 0.0, nsc, six",False,7.78065,6.55163,-1.22902,0.00462
2 Fewer leavers,"c_e 20, c_l 30, rho 0.0, nsc, eight",False,7.91788,6.63165,-1.28623,0.00483
2 Fewer leavers,"c_e 20, c_l 30, rho 0.0, people, six",False,13.19941,10.8824,-2.31701,0.0087
2 Fewer leavers,"c_e 20, c_l 30, rho 0.0, people, eight",False,12.70378,10.41795,-2.28583,0.00859
2 Fewer leavers,"c_e 20, c_l 30, rho 0.0, awards, six",False,15.23837,12.8171,-2.42127,0.00909
2 Fewer leavers,"c_e 20, c_l 30, rho 0.0, awards, eight",False,14.66618,12.27008,-2.3961,0.009
2 Fewer leavers,"c_e 20, c_l 30, rho 0.25, nsc, six",False,8.54595,7.16427,-1.38168,0.00519
2 Fewer leavers,"c_e 20, c_l 30, rho 0.25, nsc, eight",False,8.56744,7.16666,-1.40078,0.00526
2 Fewer leavers,"c_e 20, c_l 30, rho 0.25, people, six",False,14.51181,11.9116,-2.60021,0.00977
2 Fewer leavers,"c_e 20, c_l 30, rho 0.25, people, eight",False,13.90678,11.39014,-2.51664,0.00945
2 Fewer leavers,"c_e 20, c_l 30, rho 0.25, awards, six",False,16.75351,14.02928,-2.72423,0.01023
2 Fewer leavers,"c_e 20, c_l 30, rho 0.25, awards, eight",False,16.05502,13.41511,-2.63991,0.00992
2 Fewer leavers,"c_e 20, c_l 30, rho 0.4, nsc, six",False,8.91311,7.45498,-1.45812,0.00548
2 Fewer leavers,"c_e 20, c_l 30, rho 0.4, nsc, eight",False,9.12161,7.62524,-1.49638,0.00562
2 Fewer leavers,"c_e 20, c_l 30, rho 0.4, people, six",False,15.29921,12.5292,-2.77001,0.0104
2 Fewer leavers,"c_e 20, c_l 30, rho 0.4, people, eight",False,14.62858,11.97349,-2.65509,0.00997
2 Fewer leavers,"c_e 20, c_l 30, rho 0.4, awards, six",False,17.66254,14.75668,-2.90586,0.01091
2 Fewer leavers,"c_e 20, c_l 30, rho 0.4, awards, eight",False,16.88832,14.10218,-2.78614,0.01047
2 Fewer leavers,"c_e 20, c_l 40, rho 0.0, nsc, six",False,8.31633,7.08731,-1.22902,0.00462
2 Fewer leavers,"c_e 20, c_l 40, rho 0.0, nsc, eight",False,8.53641,7.17383,-1.36258,0.00512
2 Fewer leavers,"c_e 20, c_l 40, rho 0.0, people, six",False,14.09974,11.76515,-2.33459,0.00877
2 Fewer leavers,"c_e 20, c_l 40, rho 0.0, people, eight",False,13.73053,11.29796,-2.43258,0.00914
2 Fewer leavers,"c_e 20, c_l 40, rho 0.0, awards, six",False,16.27778,13.8568,-2.42099,0.00909
2 Fewer leavers,"c_e 20, c_l 40, rho 0.0, awards, eight",False,15.85155,13.30655,-2.545,0.00956
2 Fewer leavers,"c_e 20, c_l 40, rho 0.25, nsc, six",False,9.84909,8.31445,-1.53465,0.00576
2 Fewer leavers,"c_e 20, c_l 40, rho 0.25, nsc, eight",False,9.95538,8.34414,-1.61124,0.00605
2 Fewer leavers,"c_e 20, c_l 40, rho 0.25, people, six",False,16.72434,13.82366,-2.90068,0.0109
2 Fewer leavers,"c_e 20, c_l 40, rho 0.25, people, eight",False,16.13644,13.24244,-2.894,0.01087
2 Fewer leavers,"c_e 20, c_l 40, rho 0.25, awards, six",False,19.30782,16.28127,-3.02655,0.01137
2 Fewer leavers,"c_e 20, c_l 40, rho 0.25, awards, eight",False,18.6291,15.59672,-3.03238,0.01139
2 Fewer leavers,"c_e 20, c_l 40, rho 0.4, nsc, six",False,10.70076,8.99365,-1.7071,0.00641
2 Fewer leavers,"c_e 20, c_l 40, rho 0.4, nsc, eight",False,10.95089,9.16701,-1.78388,0.0067
2 Fewer leavers,"c_e 20, c_l 40, rho 0.4, people, six",False,18.29914,15.05876,-3.24038,0.01217
2 Fewer leavers,"c_e 20, c_l 40, rho 0.4, people, eight",False,17.58004,14.40904,-3.171,0.01191
2 Fewer leavers,"c_e 20, c_l 40, rho 0.4, awards, six",False,21.12589,17.73596,-3.38993,0.01273
2 Fewer leavers,"c_e 20, c_l 40, rho 0.4, awards, eight",False,20.2957,16.97073,-3.32497,0.01249
2 Fewer leavers,"c_e 20, c_l 55, rho 0.0, nsc, six",False,8.98,7.77004,-1.20996,0.00454
2 Fewer leavers,"c_e 20, c_l 55, rho 0.0, nsc, eight",False,9.46412,7.98688,-1.47725,0.00555
2 Fewer leavers,"c_e 20, c_l 55, rho 0.0, people, six",False,15.45013,13.08928,-2.36085,0.00887
2 Fewer leavers,"c_e 20, c_l 55, rho 0.0, people, eight",False,15.27067,12.61803,-2.65264,0.00996
2 Fewer leavers,"c_e 20, c_l 55, rho 0.0, awards, six",False,17.83678,15.41634,-2.42044,0.00909
2 Fewer leavers,"c_e 20, c_l 55, rho 0.0, awards, eight",False,17.62959,14.8613,-2.76829,0.0104
2 Fewer leavers,"c_e 20, c_l 55, rho 0.25, nsc, six",False,11.67852,9.93304,-1.74548,0.00656
2 Fewer leavers,"c_e 20, c_l 55, rho 0.25, nsc, eight",False,12.10408,10.16642,-1.93766,0.00728
2 Fewer leavers,"c_e 20, c_l 55, rho 0.25, people, six",False,20.04324,16.69164,-3.3516,0.01259
2 Fewer leavers,"c_e 20, c_l 55, rho 0.25, people, eight",False,19.48097,16.02079,-3.46019,0.013
2 Fewer leavers,"c_e 20, c_l 55, rho 0.25, awards, six",False,23.1394,19.65914,-3.48026,0.01307
2 Fewer leavers,"c_e 20, c_l 55, rho 0.25, awards, eight",False,22.49028,18.86901,-3.62126,0.0136
2 Fewer leavers,"c_e 20, c_l 55, rho 0.4, nsc, six",False,13.33242,11.25995,-2.07247,0.00778
2 Fewer leavers,"c_e 20, c_l 55, rho 0.4, nsc, eight",False,13.64836,11.44084,-2.20752,0.00829
2 Fewer leavers,"c_e 20, c_l 55, rho 0.4, people, six",False,22.79914,18.8531,-3.94604,0.01482
2 Fewer leavers,"c_e 20, c_l 55, rho 0.4, people, eight",False,22.00718,18.06253,-3.94465,0.01482
2 Fewer leavers,"c_e 20, c_l 55, rho 0.4, awards, six",False,26.32102,22.20487,-4.11615,0.01546
2 Fewer leavers,"c_e 20, c_l 55, rho 0.4, awards, eight",False,25.40671,21.27374,-4.13297,0.01552
3 Unreported dual-enrollment credit,"state_ratio, c 7.3, g 1.0, r_constant",False,0.0,0.0,0.0,-0.0
3 Unreported dual-enrollment credit,"state_ratio, c 7.3, g 1.0, k_fixed",False,0.0,0.0,0.0,-0.0
3 Unreported dual-enrollment credit,"state_ratio, c 7.3, g 1.088, r_constant",False,0.0,0.0,0.0,-0.0
3 Unreported dual-enrollment credit,"state_ratio, c 7.3, g 1.088, k_fixed",False,0.0,0.0,0.0,-0.0
3 Unreported dual-enrollment credit,"state_ratio, c 7.3, g 1.27, r_constant",False,0.0,0.0,0.0,-0.0
3 Unreported dual-enrollment credit,"state_ratio, c 7.3, g 1.27, k_fixed",False,0.0,0.0,0.0,-0.0
3 Unreported dual-enrollment credit,"state_ratio, c 8.45, g 1.0, r_constant",False,0.62598,1.03353,-0.40755,0.00153
3 Unreported dual-enrollment credit,"state_ratio, c 8.45, g 1.0, k_fixed",False,0.62598,1.03353,-0.40755,0.00153
3 Unreported dual-enrollment credit,"state_ratio, c 8.45, g 1.088, r_constant",True,0.57535,1.03353,-0.45818,0.00172
3 Unreported dual-enrollment credit,"state_ratio, c 8.45, g 1.088, k_fixed",False,0.25396,1.03353,-0.77958,0.00293
3 Unreported dual-enrollment credit,"state_ratio, c 8.45, g 1.27, r_constant",False,0.4929,1.03353,-0.54063,0.00203
3 Unreported dual-enrollment credit,"state_ratio, c 8.45, g 1.27, k_fixed",False,0.0,1.03353,-1.03353,0.00388
3 Unreported dual-enrollment credit,"state_ratio, c 10.1, g 1.0, r_constant",False,1.52413,2.51642,-0.99229,0.00373
3 Unreported dual-enrollment credit,"state_ratio, c 10.1, g 1.0, k_fixed",False,1.52413,2.51642,-0.99229,0.00373
3 Unreported dual-enrollment credit,"state_ratio, c 10.1, g 1.088, r_constant",False,1.40086,2.51642,-1.11557,0.00419
3 Unreported dual-enrollment credit,"state_ratio, c 10.1, g 1.088, k_fixed",False,1.07946,2.51642,-1.43696,0.0054
3 Unreported dual-enrollment credit,"state_ratio, c 10.1, g 1.27, r_constant",False,1.20011,2.51642,-1.31632,0.00494
3 Unreported dual-enrollment credit,"state_ratio, c 10.1, g 1.27, k_fixed",False,0.35532,2.51642,-2.16111,0.00812
3 Unreported dual-enrollment credit,"national_ratio, c 7.3, g 1.0, r_constant",False,0.0,0.0,0.0,-0.0
3 Unreported dual-enrollment credit,"national_ratio, c 7.3, g 1.0, k_fixed",False,0.0,0.0,0.0,-0.0
3 Unreported dual-enrollment credit,"national_ratio, c 7.3, g 1.088, r_constant",False,0.0,0.0,0.0,-0.0
3 Unreported dual-enrollment credit,"national_ratio, c 7.3, g 1.088, k_fixed",False,0.0,0.0,0.0,-0.0
3 Unreported dual-enrollment credit,"national_ratio, c 7.3, g 1.27, r_constant",False,0.0,0.0,0.0,-0.0
3 Unreported dual-enrollment credit,"national_ratio, c 7.3, g 1.27, k_fixed",False,0.0,0.0,0.0,-0.0
3 Unreported dual-enrollment credit,"national_ratio, c 8.45, g 1.0, r_constant",False,0.63172,1.03231,-0.4006,0.0015
3 Unreported dual-enrollment credit,"national_ratio, c 8.45, g 1.0, k_fixed",False,0.63172,1.03231,-0.4006,0.0015
3 Unreported dual-enrollment credit,"national_ratio, c 8.45, g 1.088, r_constant",False,0.58062,1.03231,-0.45169,0.0017
3 Unreported dual-enrollment credit,"national_ratio, c 8.45, g 1.088, k_fixed",False,0.25628,1.03231,-0.77603,0.00291
3 Unreported dual-enrollment credit,"national_ratio, c 8.45, g 1.27, r_constant",False,0.49741,1.03231,-0.5349,0.00201
3 Unreported dual-enrollment credit,"national_ratio, c 8.45, g 1.27, k_fixed",False,0.0,1.03231,-1.03231,0.00388
3 Unreported dual-enrollment credit,"national_ratio, c 10.1, g 1.0, r_constant",False,1.53809,2.51346,-0.97537,0.00366
3 Unreported dual-enrollment credit,"national_ratio, c 10.1, g 1.0, k_fixed",False,1.53809,2.51346,-0.97537,0.00366
3 Unreported dual-enrollment credit,"national_ratio, c 10.1, g 1.088, r_constant",False,1.41369,2.51346,-1.09978,0.00413
3 Unreported dual-enrollment credit,"national_ratio, c 10.1, g 1.088, k_fixed",False,1.08935,2.51346,-1.42412,0.00535
3 Unreported dual-enrollment credit,"national_ratio, c 10.1, g 1.27, r_constant",False,1.21109,2.51346,-1.30237,0.00489
3 Unreported dual-enrollment credit,"national_ratio, c 10.1, g 1.27, k_fixed",False,0.35857,2.51346,-2.15489,0.00809
3 Unreported dual-enrollment credit,"nces_anchored, c 7.3, g 1.0, r_constant",False,0.0,0.0,0.0,-0.0
3 Unreported dual-enrollment credit,"nces_anchored, c 7.3, g 1.0, k_fixed",False,0.0,0.0,0.0,-0.0
3 Unreported dual-enrollment credit,"nces_anchored, c 7.3, g 1.088, r_constant",False,0.0,0.0,0.0,-0.0
3 Unreported dual-enrollment credit,"nces_anchored, c 7.3, g 1.088, k_fixed",False,0.0,0.0,0.0,-0.0
3 Unreported dual-enrollment credit,"nces_anchored, c 7.3, g 1.27, r_constant",False,0.0,0.0,0.0,-0.0
3 Unreported dual-enrollment credit,"nces_anchored, c 7.3, g 1.27, k_fixed",False,0.0,0.0,0.0,-0.0
3 Unreported dual-enrollment credit,"nces_anchored, c 8.45, g 1.0, r_constant",False,0.76397,1.04261,-0.27865,0.00105
3 Unreported dual-enrollment credit,"nces_anchored, c 8.45, g 1.0, k_fixed",False,0.76397,1.04261,-0.27865,0.00105
3 Unreported dual-enrollment credit,"nces_anchored, c 8.45, g 1.088, r_constant",False,0.70217,1.04261,-0.34044,0.00128
3 Unreported dual-enrollment credit,"nces_anchored, c 8.45, g 1.088, k_fixed",False,0.30993,1.04261,-0.73268,0.00275
3 Unreported dual-enrollment credit,"nces_anchored, c 8.45, g 1.27, r_constant",False,0.60155,1.04261,-0.44106,0.00166
3 Unreported dual-enrollment credit,"nces_anchored, c 8.45, g 1.27, k_fixed",False,0.0,1.04261,-1.04261,0.00392
3 Unreported dual-enrollment credit,"nces_anchored, c 10.1, g 1.0, r_constant",False,1.86009,2.53853,-0.67844,0.00255
3 Unreported dual-enrollment credit,"nces_anchored, c 10.1, g 1.0, k_fixed",False,1.86009,2.53853,-0.67844,0.00255
3 Unreported dual-enrollment credit,"nces_anchored, c 10.1, g 1.088, r_constant",False,1.70964,2.53853,-0.82889,0.00311
3 Unreported dual-enrollment credit,"nces_anchored, c 10.1, g 1.088, k_fixed",False,1.3174,2.53853,-1.22113,0.00459
3 Unreported dual-enrollment credit,"nces_anchored, c 10.1, g 1.27, r_constant",False,1.46464,2.53853,-1.0739,0.00403
3 Unreported dual-enrollment credit,"nces_anchored, c 10.1, g 1.27, k_fixed",False,0.43364,2.53853,-2.1049,0.00791
3 Unreported dual-enrollment credit,"state_ratio, c 8.45, g 1.088, r fixed at 0.25",False,1.0569,1.89855,-0.84165,0.00316
3 Unreported dual-enrollment credit,"state_ratio, c 8.45, g 1.088, r fixed at 0.5",False,2.1138,3.7971,-1.68331,0.00632
3 Unreported dual-enrollment credit,"state_ratio, c 8.45, g 1.088, r fixed at 1.0",False,4.22759,7.59421,-3.36662,0.01265
3 Unreported dual-enrollment credit,"national_ratio, c 8.45, g 1.088, r fixed at 0.25",False,1.06657,1.89632,-0.82974,0.00312
3 Unreported dual-enrollment credit,"national_ratio, c 8.45, g 1.088, r fixed at 0.5",False,2.13315,3.79263,-1.65948,0.00623
3 Unreported dual-enrollment credit,"national_ratio, c 8.45, g 1.088, r fixed at 1.0",False,4.2663,7.58526,-3.31896,0.01247
3 Unreported dual-enrollment credit,"nces_anchored, c 8.45, g 1.088, r fixed at 0.25",False,1.28986,1.91523,-0.62537,0.00235
3 Unreported dual-enrollment credit,"nces_anchored, c 8.45, g 1.088, r fixed at 0.5",False,2.57973,3.83047,-1.25074,0.0047
3 Unreported dual-enrollment credit,"nces_anchored, c 8.45, g 1.088, r fixed at 1.0",False,5.15946,7.66093,-2.50148,0.0094
4 Less unused non-degree credit,"beta 7.5, theta 0.8, d 0.0",False,4.20833,2.30217,-1.90616,0.00716
4 Less unused non-degree credit,"beta 7.5, theta 0.8, d 0.25",False,3.15625,1.72662,-1.42962,0.00537
4 Less unused non-degree credit,"beta 7.5, theta 0.8, d 0.5",False,2.10417,1.15108,-0.95308,0.00358
4 Less unused non-degree credit,"beta 7.5, theta 1.0, d 0.0",False,3.76541,1.53033,-2.23508,0.0084
4 Less unused non-degree credit,"beta 7.5, theta 1.0, d 0.25",False,2.82406,1.14775,-1.67631,0.0063
4 Less unused non-degree credit,"beta 7.5, theta 1.0, d 0.5",False,1.88271,0.76517,-1.11754,0.0042
4 Less unused non-degree credit,"beta 7.5, theta 1.05, d 0.0",False,3.65978,1.35266,-2.30713,0.00867
4 Less unused non-degree credit,"beta 7.5, theta 1.05, d 0.25",False,2.74484,1.01449,-1.73035,0.0065
4 Less unused non-degree credit,"beta 7.5, theta 1.05, d 0.5",False,1.82989,0.67633,-1.15356,0.00433
4 Less unused non-degree credit,"beta 7.5, theta 1.25, d 0.0",False,3.27029,0.85366,-2.41663,0.00908
4 Less unused non-degree credit,"beta 7.5, theta 1.25, d 0.25",False,2.45272,0.64025,-1.81247,0.00681
4 Less unused non-degree credit,"beta 7.5, theta 1.25, d 0.5",False,1.63515,0.42683,-1.20831,0.00454
4 Less unused non-degree credit,"beta 17.7, theta 0.8, d 0.0",False,9.93166,5.43311,-4.49855,0.0169
4 Less unused non-degree credit,"beta 17.7, theta 0.8, d 0.25",False,7.44874,4.07483,-3.37391,0.01267
4 Less unused non-degree credit,"beta 17.7, theta 0.8, d 0.5",False,4.96583,2.71656,-2.24927,0.00845
4 Less unused non-degree credit,"beta 17.7, theta 1.0, d 0.0",False,8.88637,3.61159,-5.27478,0.01981
4 Less unused non-degree credit,"beta 17.7, theta 1.0, d 0.25",False,6.66478,2.70869,-3.95609,0.01486
4 Less unused non-degree credit,"beta 17.7, theta 1.0, d 0.5",False,4.44318,1.80579,-2.63739,0.00991
4 Less unused non-degree credit,"beta 17.7, theta 1.05, d 0.0",False,8.63709,3.19227,-5.44482,0.02045
4 Less unused non-degree credit,"beta 17.7, theta 1.05, d 0.25",True,6.47782,2.3942,-4.08362,0.01534
4 Less unused non-degree credit,"beta 17.7, theta 1.05, d 0.5",False,4.31854,1.59613,-2.72241,0.01023
4 Less unused non-degree credit,"beta 17.7, theta 1.25, d 0.0",False,7.71789,2.01465,-5.70324,0.02142
4 Less unused non-degree credit,"beta 17.7, theta 1.25, d 0.25",False,5.78842,1.51098,-4.27743,0.01607
4 Less unused non-degree credit,"beta 17.7, theta 1.25, d 0.5",False,3.85894,1.00732,-2.85162,0.01071
4 Less unused non-degree credit,"beta 20.3, theta 0.8, d 0.0",False,11.39055,6.23119,-5.15935,0.01938
4 Less unused non-degree credit,"beta 20.3, theta 0.8, d 0.25",False,8.54291,4.6734,-3.86951,0.01453
4 Less unused non-degree credit,"beta 20.3, theta 0.8, d 0.5",False,5.69527,3.1156,-2.57968,0.00969
4 Less unused non-degree credit,"beta 20.3, theta 1.0, d 0.0",False,10.19171,4.1421,-6.04961,0.02272
4 Less unused non-degree credit,"beta 20.3, theta 1.0, d 0.25",False,7.64378,3.10658,-4.53721,0.01704
4 Less unused non-degree credit,"beta 20.3, theta 1.0, d 0.5",False,5.09586,2.07105,-3.0248,0.01136
4 Less unused non-degree credit,"beta 20.3, theta 1.05, d 0.0",False,9.90581,3.66119,-6.24463,0.02346
4 Less unused non-degree credit,"beta 20.3, theta 1.05, d 0.25",False,7.42936,2.74589,-4.68347,0.01759
4 Less unused non-degree credit,"beta 20.3, theta 1.05, d 0.5",False,4.95291,1.83059,-3.12231,0.01173
4 Less unused non-degree credit,"beta 20.3, theta 1.25, d 0.0",False,8.85159,2.31058,-6.54101,0.02457
4 Less unused non-degree credit,"beta 20.3, theta 1.25, d 0.25",False,6.63869,1.73294,-4.90576,0.01843
4 Less unused non-degree credit,"beta 20.3, theta 1.25, d 0.5",False,4.42579,1.15529,-3.2705,0.01228
4 Less unused non-degree credit,"beta year-specific, theta 0.8, d 0.0",False,11.43783,5.99372,-5.44411,0.02045
4 Less unused non-degree credit,"beta year-specific, theta 0.8, d 0.25",False,8.57837,4.49529,-4.08308,0.01534
4 Less unused non-degree credit,"beta year-specific, theta 0.8, d 0.5",False,5.71892,2.99686,-2.72205,0.01022
4 Less unused non-degree credit,"beta year-specific, theta 1.0, d 0.0",False,10.23402,3.98425,-6.24977,0.02347
4 Less unused non-degree credit,"beta year-specific, theta 1.0, d 0.25",False,7.67551,2.98819,-4.68733,0.01761
4 Less unused non-degree credit,"beta year-specific, theta 1.0, d 0.5",False,5.11701,1.99212,-3.12489,0.01174
4 Less unused non-degree credit,"beta year-specific, theta 1.05, d 0.0",False,9.94693,3.52166,-6.42528,0.02413
4 Less unused non-degree credit,"beta year-specific, theta 1.05, d 0.25",False,7.4602,2.64124,-4.81896,0.0181
4 Less unused non-degree credit,"beta year-specific, theta 1.05, d 0.5",False,4.97347,1.76083,-3.21264,0.01207
4 Less unused non-degree credit,"beta year-specific, theta 1.25, d 0.0",False,8.88833,2.22253,-6.66581,0.02504
4 Less unused non-degree credit,"beta year-specific, theta 1.25, d 0.25",False,6.66625,1.66689,-4.99936,0.01878
4 Less unused non-degree credit,"beta year-specific, theta 1.25, d 0.5",False,4.44417,1.11126,-3.3329,0.01252
3b Reported dual-enrollment credit never used,"state_ratio, d 0.25",False,2.7392,4.92051,2.18131,-0.00819
3b Reported dual-enrollment credit never used,"state_ratio, d 0.5",True,1.82613,3.28034,1.45421,-0.00546
3b Reported dual-enrollment credit never used,"state_ratio, d 0.75",False,0.91307,1.64017,0.7271,-0.00273
3b Reported dual-enrollment credit never used,"national_ratio, d 0.25",False,2.76428,4.91471,2.15044,-0.00808
3b Reported dual-enrollment credit never used,"national_ratio, d 0.5",False,1.84285,3.27648,1.43362,-0.00538
3b Reported dual-enrollment credit never used,"national_ratio, d 0.75",False,0.92143,1.63824,0.71681,-0.00269
3b Reported dual-enrollment credit never used,"nces_anchored, d 0.25",False,3.34298,4.96374,1.62076,-0.00609
3b Reported dual-enrollment credit never used,"nces_anchored, d 0.5",False,2.22865,3.30916,1.08051,-0.00406
3b Reported dual-enrollment credit never used,"nces_anchored, d 0.75",False,1.11433,1.65458,0.54025,-0.00203
5 Associate degrees counted twice,central: 20.0% -> 22.5%,True,9.62033,10.84082,-1.22049,0.00458
5 Associate degrees counted twice,low: 20.0% -> 21.0% (revised NSC level),False,9.62033,10.1181,-0.49777,0.00187
5 Associate degrees counted twice,high: 19.5% -> 23.0%,False,9.37983,11.08173,-1.7019,0.00639
5 Associate degrees counted twice,flat: 20% both years,False,9.62033,9.63628,-0.01595,6e-05
6 Certificate credit (not in D),stacked share 0.0,False,8.68924,9.42638,0.73714,-0.00277
6 Certificate credit (not in D),stacked share 0.25,True,6.51693,7.06979,0.55286,-0.00208
6 Certificate credit (not in D),stacked share 0.5,False,4.34462,4.71319,0.36857,-0.00138
