year,qualifying_exams,exams,share_reaching_colleges,credits_per_qualifying_exam_scorewtd,ap_credits_all_central,ap_share_of_credits_all_central,ap_credits_sent_central,ap_share_of_credits_sent_central
2006,1378506,2312611,0.53093,3.78178,4428473.31952,0.01222,2544175.23762,0.00706
2007,1502366,2533431,0.5356,3.76201,4781316.57195,0.01261,2686162.96794,0.00712
2008,1581302,2736445,0.5303,3.73579,5180279.29195,0.01326,2856368.63145,0.00735
2009,1725168,2929929,0.50795,3.732,5551241.77945,0.01352,2999660.88321,0.00735
2010,1861669,3213225,0.47928,3.72673,5980824.74993,0.01339,3143124.9902,0.00708
2011,2003811,3456020,0.48697,3.69898,6425243.6975,0.01405,3286742.70809,0.00724
2012,2191472,3698407,0.50454,3.70621,6878781.145,0.01509,3436777.75948,0.0076
2013,2323157,3938100,0.45326,3.68096,7449437.0875,0.0168,3685482.05361,0.00838
2014,2468811,4176200,0.43017,3.6764,7993931.52844,0.01813,3841540.26002,0.0088
2015,2595735,4478936,0.41948,3.6542,8544942.25844,0.01973,3990768.07989,0.00931
2016,2729043,4704980,0.41079,3.65268,9079170.93094,0.02131,4085971.278,0.0097
2017,2877789,4957931,0.4049,3.61265,9554904.88094,0.02261,4085193.53382,0.0098
2018,3002628,5090324,0.39114,3.60013,10030317.54,0.02384,4171121.99911,0.01005
2019,3041158,5098815,0.40127,3.5935,10476995.3825,0.02514,4254573.2713,0.01036
2020,3057148,4751957,0.40127,3.56919,10848839.725,0.02603,4359283.89099,0.01063
2021,2554666,4578302,0.40127,3.50966,11091884.245,0.02754,4432362.10309,0.01119
2022,2867616,4762347,0.40127,3.52845,10723298.6625,0.02766,4274749.02186,0.01121
2023,3214101,5197601,0.40127,3.50253,10545089.3775,0.02727,4231447.67213,0.01112
2024,3827568,5744259,0.40127,3.46937,10629886.2,0.02665,4265474.25116,0.01087
