state,year,n5,n4,n3,n2,n1,exams,exams_3plus,st
National,2024,760766,1203224,1196541,991692,712921,4865144,3160531,National
National,2023,638256,903602,1105478,921657,830105,4399098,2647336,National
National,2021,447613,711668,926701,944172,852572,3882726,2085982,National
National,2019,582135,853365,1106191,1031252,817886,4390829,2541691,National
National,2014,460778,693747,894363,825319,710820,3585027,2048888,National
National,2012,449472,612929,747418,690719,659398,3159936,1809819,National
Alabama,2024,4972,10184,13657,13384,10164,52361,28813,AL
Alabama,2023,3830,7239,11262,11925,12108,46364,22331,AL
Alabama,2021,2872,5482,9378,12016,12996,42744,17732,AL
Alabama,2019,2939,5894,10499,14379,15862,49573,19332,AL
Alabama,2014,2202,4481,8020,11953,14311,40967,14703,AL
Alabama,2012,2345,4069,6297,8225,11205,32141,12711,AL
Alaska,2024,679,1482,2053,1696,763,6673,4214,AK
Alaska,2023,626,1055,1737,1330,846,5594,3418,AK
Alaska,2021,365,725,1055,1095,619,3859,2145,AK
Alaska,2019,586,1015,1499,1462,619,5181,3100,AK
Alaska,2014,670,991,1308,1209,702,4880,2969,AK
Alaska,2012,679,1001,1196,985,674,4535,2876,AK
Arizona,2024,12738,19638,19629,16812,10777,79594,52005,AZ
Arizona,2023,10475,14060,17574,14932,11769,68810,42109,AZ
Arizona,2021,7183,11042,14105,14293,11187,57810,32330,AZ
Arizona,2019,9004,13135,17472,16257,11518,67386,39611,AZ
Arizona,2014,6610,9698,13260,12740,10223,52531,29568,AZ
Arizona,2012,5458,7938,10484,10475,8803,43158,23880,AZ
Arkansas,2024,3241,8490,11515,13146,12316,48708,23246,AR
Arkansas,2023,2662,6071,9929,11219,13183,43064,18662,AR
Arkansas,2021,2027,4572,7940,12017,13984,40540,14539,AR
Arkansas,2019,2379,5054,9408,13421,15775,46037,16841,AR
Arkansas,2014,1759,3960,8356,13154,16530,43759,14075,AR
Arkansas,2012,1695,3592,6885,11159,15541,38872,12172,AR
California,2024,136142,192390,179614,152341,102956,763443,508146,CA
California,2023,116934,145690,168583,140963,124591,696761,431207,CA
California,2021,77070,110337,136367,143899,132306,599979,323774,CA
California,2019,102459,139387,170883,163060,128335,704124,412729,CA
California,2014,82177,114456,144004,131771,112787,585195,340637,CA
California,2012,81116,102490,123106,111834,100626,519172,306712,CA
Colorado,2024,14519,24411,24091,18440,11016,92477,63021,CO
Colorado,2023,12243,18763,22509,17837,13546,84898,53515,CO
Colorado,2021,8715,15312,19870,18903,12755,75555,43897,CO
Colorado,2019,11143,17447,23221,20473,13051,85335,51811,CO
Colorado,2014,8706,13817,18628,16242,11875,69268,41151,CO
Colorado,2012,7747,11656,14879,12942,9905,57129,34282,CO
Connecticut,2024,12143,16634,14479,9997,6611,59864,43256,CT
Connecticut,2023,10015,13193,13789,9966,7446,54409,36997,CT
Connecticut,2021,7593,11350,12886,11053,8548,51430,31829,CT
Connecticut,2019,10105,13261,14960,11008,7289,56623,38326,CT
Connecticut,2014,8974,11888,11926,8045,5270,46103,32788,CT
Connecticut,2012,9430,10562,9951,6954,5273,42170,29943,CT
Delaware,2024,1460,2643,3335,3025,2268,12731,7438,DE
Delaware,2023,1163,1924,2730,2686,2419,10922,5817,DE
Delaware,2021,892,1425,2140,2538,2506,9501,4457,DE
Delaware,2019,1161,1685,2510,2743,2053,10152,5356,DE
Delaware,2014,964,1389,1872,2202,2180,8607,4225,DE
Delaware,2012,868,1157,1532,1691,2203,7451,3557,DE
District of Columbia,2024,1102,1735,1743,1889,2527,8996,4580,DC
District of Columbia,2023,836,1050,1346,1450,2891,7573,3232,DC
District of Columbia,2021,606,876,1057,1316,2625,6480,2539,DC
District of Columbia,2019,690,1042,1332,1685,3044,7793,3064,DC
District of Columbia,2014,277,515,811,1304,2690,5597,1603,DC
District of Columbia,2012,198,390,627,1117,2389,4721,1215,DC
Florida,2024,44293,83395,96085,80510,53443,357726,223773,FL
Florida,2023,37079,61886,86022,73713,68804,327504,184987,FL
Florida,2021,28042,51912,75238,80745,83566,319503,155192,FL
Florida,2019,36273,60195,86972,86953,79123,349516,183440,FL
Florida,2014,26450,50250,74931,81779,87541,320951,151631,FL
Florida,2012,26481,45104,65174,74279,90602,301640,136759,FL
Georgia,2024,32648,51494,47861,36420,23214,191637,132003,GA
Georgia,2023,25691,36925,43088,32442,25666,163812,105704,GA
Georgia,2021,16886,28308,35694,32747,25338,138973,80888,GA
Georgia,2019,21191,31818,39637,33775,25303,151724,92646,GA
Georgia,2014,14409,25270,33924,32758,30213,136574,73603,GA
Georgia,2012,13285,21602,27976,26774,26786,116423,62863,GA
Hawaii,2024,1029,2249,2768,2601,1910,10557,6046,HI
Hawaii,2023,826,1646,2360,2225,1996,9053,4832,HI
Hawaii,2021,609,1273,2074,2678,2525,9159,3956,HI
Hawaii,2019,760,1505,2459,3199,2803,10726,4724,HI
Hawaii,2014,506,932,1694,2348,2060,7540,3132,HI
Hawaii,2012,484,825,1290,1908,2162,6669,2599,HI
Idaho,2024,1839,3604,3795,3036,1336,13610,9238,ID
Idaho,2023,1732,2880,3745,3171,1817,13345,8357,ID
Idaho,2021,1266,2360,3267,3333,1750,11976,6893,ID
Idaho,2019,1479,2568,3876,3612,1863,13398,7923,ID
Idaho,2014,1225,2052,2742,2193,937,9149,6019,ID
Idaho,2012,1392,2069,2720,2061,951,9193,6181,ID
Illinois,2024,39296,60187,56548,43586,31238,230855,156031,IL
Illinois,2023,33563,47170,53361,42132,37329,213555,134094,IL
Illinois,2021,23137,36866,45168,43985,40846,190002,105171,IL
Illinois,2019,34895,47091,54841,45878,32597,215302,136827,IL
Illinois,2014,26994,36780,39777,30978,27155,161684,103551,IL
Illinois,2012,26195,32343,31365,23787,23030,136720,89903,IL
Indiana,2024,10040,19010,21558,19376,11879,81863,50608,IN
Indiana,2023,8601,14756,20247,18018,14366,75988,43604,IN
Indiana,2021,6454,12167,18091,21452,17071,75235,36712,IN
Indiana,2019,7485,13037,19481,21886,16457,78346,40003,IN
Indiana,2014,6076,10332,15170,16899,15321,63798,31578,IN
Indiana,2012,5460,8452,12154,14406,17622,58094,26066,IN
Iowa,2024,3129,5283,5277,3921,1824,19434,13689,IA
Iowa,2023,2542,3891,4838,3804,2279,17354,11271,IA
Iowa,2021,2071,3477,4542,4595,2713,17398,10090,IA
Iowa,2019,2566,3950,5485,4952,2968,19921,12001,IA
Iowa,2014,2367,3728,4847,4128,2443,17513,10942,IA
Iowa,2012,2367,3307,4010,3226,2226,15136,9684,IA
Kansas,2024,2621,5001,4618,3320,1092,16652,12240,KS
Kansas,2023,2311,3528,4106,3064,1438,14447,9945,KS
Kansas,2021,1588,2835,3711,3300,1613,13047,8134,KS
Kansas,2019,2056,3271,4451,3447,1533,14758,9778,KS
Kansas,2014,2023,2940,3920,3101,2328,14312,8883,KS
Kansas,2012,1894,2867,3686,2972,2640,14059,8447,KS
Kentucky,2024,4466,9653,12692,11403,7195,45409,26811,KY
Kentucky,2023,3874,7138,11221,10501,8492,41226,22233,KY
Kentucky,2021,2848,5600,9162,10534,8139,36283,17610,KY
Kentucky,2019,4009,7707,12747,13999,9834,48296,24463,KY
Kentucky,2014,3658,7266,12595,14461,10734,48714,23519,KY
Kentucky,2012,3439,6414,10345,11653,10888,42739,20198,KY
Louisiana,2024,2926,6052,7458,7281,8182,31899,16436,LA
Louisiana,2023,2450,4308,6395,6811,10161,30125,13153,LA
Louisiana,2021,1825,3449,5679,7648,10358,28959,10953,LA
Louisiana,2019,1837,3472,5809,7792,10841,29751,11118,LA
Louisiana,2014,944,1935,3491,5491,8815,20676,6370,LA
Louisiana,2012,804,1380,1925,2401,3126,9636,4109,LA
Maine,2024,1541,3257,3418,2596,1153,11965,8216,ME
Maine,2023,1300,2422,3185,2673,1565,11145,6907,ME
Maine,2021,975,1918,2907,2976,1657,10433,5800,ME
Maine,2019,1347,2521,3816,3673,2017,13374,7684,ME
Maine,2014,1488,2597,3766,3247,1906,13004,7851,ME
Maine,2012,1645,2490,3220,2954,2013,12322,7355,ME
Maryland,2024,22200,30619,28671,24400,16649,122539,81490,MD
Maryland,2023,18820,22779,25934,20264,16103,103900,67533,MD
Maryland,2021,12854,17710,21205,19679,14587,86035,51769,MD
Maryland,2019,19371,24095,28088,22197,13412,107163,71554,MD
Maryland,2014,17172,22397,26834,22961,19385,108749,66403,MD
Maryland,2012,17337,21177,24319,20489,18713,102035,62833,MD
Massachusetts,2024,24367,32621,29286,21700,14834,122808,86274,MA
Massachusetts,2023,20590,25318,27431,21178,16735,111252,73339,MA
Massachusetts,2021,14229,20371,23151,20731,16344,94826,57751,MA
Massachusetts,2019,19617,23844,26574,20912,12983,103930,70035,MA
Massachusetts,2014,15828,19194,20029,15166,10099,80316,55051,MA
Massachusetts,2012,15355,16140,15822,11011,9025,67353,47317,MA
Michigan,2024,17688,29629,30064,22162,11358,110901,77381,MI
Michigan,2023,14873,21975,26877,20558,13306,97589,63725,MI
Michigan,2021,10765,17416,22893,21259,13529,85862,51074,MI
Michigan,2019,14460,21138,27487,23218,12053,98356,63085,MI
Michigan,2014,12267,18749,23561,18603,10512,83692,54577,MI
Michigan,2012,12582,16503,19049,15301,9753,73188,48134,MI
Minnesota,2024,11453,18729,17174,12147,5664,65167,47356,MN
Minnesota,2023,9545,14537,16418,12096,7517,60113,40500,MN
Minnesota,2021,7265,11664,14768,13722,8701,56120,33697,MN
Minnesota,2019,9964,15159,18739,14815,7676,66353,43862,MN
Minnesota,2014,8712,13672,17047,13397,7714,60542,39431,MN
Minnesota,2012,8639,12580,14750,11508,7765,55242,35969,MN
Mississippi,2024,1135,2849,3749,4253,5731,17717,7733,MS
Mississippi,2023,910,1816,3134,3764,7359,16983,5860,MS
Mississippi,2021,732,1442,2504,3565,4272,12515,4678,MS
Mississippi,2019,646,1398,2660,3616,5464,13784,4704,MS
Mississippi,2014,379,894,1767,2865,3423,9328,3040,MS
Mississippi,2012,346,724,1354,2041,3059,7524,2424,MS
Missouri,2024,6475,10691,10492,8009,4750,40417,27658,MO
Missouri,2023,5593,8019,9928,7720,5704,36964,23540,MO
Missouri,2021,4282,6721,8480,8343,5939,33765,19483,MO
Missouri,2019,5500,7829,10336,9094,5900,38659,23665,MO
Missouri,2014,4388,6105,7883,6201,4389,28966,18376,MO
Missouri,2012,4051,5524,6072,5076,4100,24823,15647,MO
Montana,2024,1099,2352,2418,1567,466,7902,5869,MT
Montana,2023,838,1544,2023,1511,578,6494,4405,MT
Montana,2021,608,1202,1737,1597,618,5762,3547,MT
Montana,2019,666,1149,1679,1389,470,5353,3494,MT
Montana,2014,512,1044,1562,1287,551,4956,3118,MT
Montana,2012,585,902,1249,1111,601,4448,2736,MT
Nebraska,2024,2092,4175,4035,3451,2126,15879,10302,NE
Nebraska,2023,1754,2993,3968,3172,2452,14339,8715,NE
Nebraska,2021,1311,2732,3569,3445,2161,13218,7612,NE
Nebraska,2019,1429,2655,3799,3767,2443,14093,7883,NE
Nebraska,2014,927,1769,2680,2482,1859,9717,5376,NE
Nebraska,2012,1044,1688,2249,2120,1796,8897,4981,NE
Nevada,2024,3845,7717,9423,9071,8263,38319,20985,NV
Nevada,2023,3365,5549,8135,7818,9855,34722,17049,NV
Nevada,2021,2309,4160,6447,7695,7736,28347,12916,NV
Nevada,2019,3381,5675,9391,10079,8021,36547,18447,NV
Nevada,2014,2243,3945,6635,7218,5623,25664,12823,NV
Nevada,2012,1936,3154,4840,5710,5203,20843,9930,NV
New Hampshire,2024,1689,2894,2664,1847,679,9773,7247,NH
New Hampshire,2023,1587,2331,2559,1739,783,8999,6477,NH
New Hampshire,2021,1211,1856,2376,2030,979,8452,5443,NH
New Hampshire,2019,1528,2321,2873,2095,776,9593,6722,NH
New Hampshire,2014,1422,2044,2416,1515,572,7969,5882,NH
New Hampshire,2012,1519,1819,2133,1351,752,7574,5471,NH
New Jersey,2024,36090,46582,39350,27048,18500,167570,122022,NJ
New Jersey,2023,31241,36272,37322,26604,19901,151340,104835,NJ
New Jersey,2021,22743,29032,31280,26745,23315,133115,83055,NJ
New Jersey,2019,28506,32896,34415,25348,17360,138525,95817,NJ
New Jersey,2014,22437,25516,24707,16061,10880,99601,72660,NJ
New Jersey,2012,21387,21645,19805,12788,10113,85738,62837,NJ
New Mexico,2024,1188,2677,3786,4996,5006,17653,7651,NM
New Mexico,2023,1134,1994,3321,4174,5558,16181,6449,NM
New Mexico,2021,745,1375,2345,3580,4598,12643,4465,NM
New Mexico,2019,938,1904,3321,4560,5737,16460,6163,NM
New Mexico,2014,897,1636,2814,3621,4213,13181,5347,NM
New Mexico,2012,1060,1590,2555,3449,4388,13042,5205,NM
New York,2024,54012,84520,82683,65753,40864,327832,221215,NY
New York,2023,45226,62909,79228,63564,54179,305106,187363,NY
New York,2021,32365,50843,67746,66951,55378,273283,150954,NY
New York,2019,39480,57398,73968,66432,43322,280600,170846,NY
New York,2014,33043,49529,61391,48331,29597,221891,143963,NY
New York,2012,35851,46343,52497,41271,28333,204295,134691,NY
North Carolina,2024,23957,38519,39474,31578,22407,155935,101950,NC
North Carolina,2023,18118,28134,34540,28745,26946,136483,80792,NC
North Carolina,2021,11781,21142,28904,32125,31861,125813,61827,NC
North Carolina,2019,15074,25398,33431,34034,27753,135690,73903,NC
North Carolina,2014,12342,20564,25378,24784,21001,104069,58284,NC
North Carolina,2012,12429,18406,21066,19130,16763,87794,51901,NC
North Dakota,2024,519,1227,1467,1080,357,4650,3213,ND
North Dakota,2023,516,1053,1498,1144,479,4690,3067,ND
North Dakota,2021,358,846,1260,1282,570,4316,2464,ND
North Dakota,2019,425,841,1394,1452,575,4687,2660,ND
North Dakota,2014,236,438,570,398,166,1808,1244,ND
North Dakota,2012,253,389,483,442,232,1799,1125,ND
Ohio,2024,20193,30877,28485,18846,9581,107982,79555,OH
Ohio,2023,16405,23197,28018,20322,13032,100974,67620,OH
Ohio,2021,13410,20604,27081,24044,16134,101273,61095,OH
Ohio,2019,15865,23432,30668,24236,13788,107989,69965,OH
Ohio,2014,14218,19888,23930,18559,12036,88631,58036,OH
Ohio,2012,13180,16753,19207,14572,10567,74279,49140,OH
Oklahoma,2024,2345,5260,6639,7014,4963,26221,14244,OK
Oklahoma,2023,2114,3872,6144,6075,5194,23399,12130,OK
Oklahoma,2021,1483,3081,4879,5735,4473,19651,9443,OK
Oklahoma,2019,1976,3948,6802,8192,6942,27860,12726,OK
Oklahoma,2014,1677,3680,6767,7645,6308,26077,12124,OK
Oklahoma,2012,1783,3474,5896,6605,5704,23462,11153,OK
Oregon,2024,4616,8670,9394,7204,4399,34283,22680,OR
Oregon,2023,3818,6303,8319,6899,5327,30666,18440,OR
Oregon,2021,2331,4174,5181,5292,3372,20350,11686,OR
Oregon,2019,3957,6345,8446,7942,5317,32007,18748,OR
Oregon,2014,3056,4861,6287,5591,3675,23470,14204,OR
Oregon,2012,3176,4411,5435,4880,3580,21482,13022,OR
Pennsylvania,2024,25587,37022,33058,22470,11814,129951,95667,PA
Pennsylvania,2023,22082,28595,31569,22154,14926,119326,82246,PA
Pennsylvania,2021,16175,22888,27688,23508,15357,105616,66751,PA
Pennsylvania,2019,20555,27568,32062,23722,13825,117732,80185,PA
Pennsylvania,2014,17310,22223,24334,17052,11818,92737,63867,PA
Pennsylvania,2012,15741,18674,19487,13867,12397,80166,53902,PA
Rhode Island,2024,1952,2935,3061,2628,2041,12617,7948,RI
Rhode Island,2023,1357,2138,2849,2535,2163,11042,6344,RI
Rhode Island,2021,777,1571,2324,2480,2237,9389,4672,RI
Rhode Island,2019,1218,1998,2868,2796,2584,11464,6084,RI
Rhode Island,2014,887,1407,1818,1555,1496,7163,4112,RI
Rhode Island,2012,816,1110,1320,1132,1211,5589,3246,RI
South Carolina,2024,7860,13852,13214,9437,5444,49807,34926,SC
South Carolina,2023,7053,11022,13168,9647,6450,47340,31243,SC
South Carolina,2021,5465,9819,12606,11713,8660,48263,27890,SC
South Carolina,2019,6134,10479,14476,13345,8695,53129,31089,SC
South Carolina,2014,4378,7581,10633,9881,7478,39951,22592,SC
South Carolina,2012,4111,6314,8820,8282,6563,34090,19245,SC
South Dakota,2024,847,1675,1639,1175,363,5699,4161,SD
South Dakota,2023,787,1158,1528,1195,425,5093,3473,SD
South Dakota,2021,640,1031,1297,1044,356,4368,2968,SD
South Dakota,2019,583,1043,1385,1037,359,4407,3011,SD
South Dakota,2014,610,1040,1272,953,435,4310,2922,SD
South Dakota,2012,633,961,1108,880,523,4105,2702,SD
Tennessee,2024,9510,16048,16701,13465,10451,66175,42259,TN
Tennessee,2023,7605,11916,14747,12869,11566,58703,34268,TN
Tennessee,2021,5340,9442,12982,13278,12659,53701,27764,TN
Tennessee,2019,5637,9821,14133,14324,12341,56256,29591,TN
Tennessee,2014,3965,7030,9550,9238,7666,37449,20545,TN
Tennessee,2012,3811,6041,7676,7039,6859,31426,17528,TN
Texas,2024,77765,133875,145652,151185,164075,672552,357292,TX
Texas,2023,65692,100094,132206,130616,170499,599107,297992,TX
Texas,2021,44709,74836,102412,118889,155638,496484,221957,TX
Texas,2019,55663,90378,125408,136045,159386,566880,271449,TX
Texas,2014,38203,64395,91560,100643,114881,409682,194158,TX
Texas,2012,34614,54145,74535,84437,103805,351536,163294,TX
Utah,2024,7807,13965,13136,9213,4061,48182,34908,UT
Utah,2023,6850,10928,13038,9397,5095,45308,30816,UT
Utah,2021,5504,9209,11456,9385,4692,40246,26169,UT
Utah,2019,6062,9872,13010,9804,4218,42966,28944,UT
Utah,2014,4986,8034,10143,7445,3877,34485,23163,UT
Utah,2012,4965,7348,8779,6251,3527,30870,21092,UT
Vermont,2024,964,1559,1460,989,394,5366,3983,VT
Vermont,2023,786,1193,1455,1048,531,5013,3434,VT
Vermont,2021,583,962,1301,1176,611,4633,2846,VT
Vermont,2019,952,1364,1771,1369,605,6061,4087,VT
Vermont,2014,1026,1460,1757,1335,673,6251,4243,VT
Vermont,2012,1003,1290,1583,1147,906,5929,3876,VT
Virginia,2024,29026,43790,38866,29110,16577,157369,111682,VA
Virginia,2023,23276,31770,36883,29839,20658,142426,91929,VA
Virginia,2021,15441,24646,30968,29352,21710,122117,71055,VA
Virginia,2019,22963,31393,38854,31725,18496,143431,93210,VA
Virginia,2014,19657,28578,36310,31289,22286,138120,84545,VA
Virginia,2012,19593,27347,33203,29350,23645,133138,80143,VA
Washington,2024,19303,26005,22750,16889,10061,95008,68058,WA
Washington,2023,15767,19451,21982,15928,11966,85094,57200,WA
Washington,2021,9720,13568,16583,14393,10388,64652,39871,WA
Washington,2019,13278,18017,21935,18599,13195,85024,53230,WA
Washington,2014,9938,14779,19157,16888,12030,72792,43874,WA
Washington,2012,9740,13107,16258,14170,11549,64824,39105,WA
West Virginia,2024,1055,2072,2552,2483,1512,9674,5679,WV
West Virginia,2023,842,1579,2336,2421,2413,9591,4757,WV
West Virginia,2021,638,1175,2042,2879,2624,9358,3855,WV
West Virginia,2019,848,1648,2869,3759,2964,12088,5365,WV
West Virginia,2014,780,1462,2556,3363,3153,11314,4798,WV
West Virginia,2012,745,1321,2210,2924,2882,10082,4276,WV
Wisconsin,2024,12867,22110,22016,15012,7334,79339,56993,WI
Wisconsin,2023,10564,16872,19879,14948,9141,71404,47315,WI
Wisconsin,2021,8518,14359,18015,16193,9311,66396,40892,WI
Wisconsin,2019,10780,16744,21025,16725,7786,73060,48549,WI
Wisconsin,2014,8570,14172,17284,12408,6659,59093,40026,WI
Wisconsin,2012,7988,11973,14239,10073,6014,50287,34200,WI
Wyoming,2024,436,916,988,730,333,3403,2340,WY
Wyoming,2023,395,696,1014,851,552,3508,2105,WY
Wyoming,2021,297,505,890,939,660,3291,1692,WY
Wyoming,2019,315,560,966,970,555,3366,1841,WY
Wyoming,2014,233,384,689,581,344,2231,1306,WY
Wyoming,2012,217,368,597,509,405,2096,1182,WY
