year,certificates,associate_degrees,bachelors,certs_per_associate,1 to < 2 years,12 weeks to < 1 year,2 to < 4 years,< 1 year (pre-2020 code),< 12 weeks,n_community_colleges_awarding
1992,187489.0,376613.0,238.0,0.4978,92348.0,0.0,10148.0,76405.0,0.0,1156
1993,195087.0,387715.0,288.0,0.5032,98996.0,0.0,9604.0,82611.0,0.0,1157
1994,214930.0,397977.0,337.0,0.5401,109289.0,0.0,14109.0,91424.0,0.0,1165
1995,225749.0,403834.0,509.0,0.559,106595.0,0.0,17108.0,101711.0,0.0,1208
1996,219384.0,405280.0,569.0,0.5413,102807.0,0.0,16219.0,100185.0,0.0,1153
1997,235842.0,414866.0,675.0,0.5685,106331.0,0.0,15931.0,112838.0,0.0,1150
1998,215047.0,416617.0,691.0,0.5162,103295.0,0.0,14349.0,96902.0,0.0,1175
1999,217420.0,417586.0,875.0,0.5207,103544.0,0.0,12991.0,98571.0,0.0,1173
2000,212454.0,416259.0,1689.0,0.5104,104613.0,0.0,10391.0,97166.0,0.0,1170
2001,240298.0,423706.0,1094.0,0.5671,109066.0,0.0,10246.0,120986.0,0.0,1151
2002,258116.0,439007.0,1253.0,0.588,107679.0,0.0,10119.0,140315.0,0.0,1152
2003,301988.0,465004.0,1821.0,0.6494,119836.0,0.0,9794.0,168935.0,0.0,1158
2004,312662.0,492464.0,2419.0,0.6349,123403.0,0.0,9785.0,175916.0,0.0,1156
2005,326308.0,513775.0,2768.0,0.6351,129737.0,0.0,10387.0,183549.0,0.0,1151
2006,321733.0,523949.0,2590.0,0.6141,123589.0,0.0,10227.0,184981.0,0.0,1140
2007,341845.0,532344.0,3188.0,0.6422,129289.0,0.0,9596.0,199678.0,0.0,1146
2008,347756.0,546118.0,3582.0,0.6368,126994.0,0.0,9053.0,207841.0,0.0,1143
2009,373134.0,563937.0,4154.0,0.6617,137417.0,0.0,10071.0,221563.0,0.0,1138
2010,413441.0,607921.0,5030.0,0.6801,150070.0,0.0,9831.0,248784.0,0.0,1129
2011,464683.0,659477.0,6471.0,0.7046,177877.0,0.0,10404.0,271069.0,0.0,1121
2012,470641.0,721587.0,8078.0,0.6522,178690.0,0.0,9454.0,276762.0,0.0,1104
2013,490179.0,735924.0,8999.0,0.6661,186195.0,0.0,8485.0,288937.0,0.0,1098
2014,519695.0,758274.0,10377.0,0.6854,195106.0,0.0,8161.0,309012.0,0.0,1094
2015,545226.0,784774.0,11674.0,0.6948,202107.0,0.0,8187.0,326885.0,0.0,1088
2016,558125.0,810587.0,11828.0,0.6885,209941.0,0.0,7955.0,331653.0,0.0,1089
2017,574340.0,823145.0,12775.0,0.6977,219477.0,0.0,7763.0,338325.0,0.0,1086
2018,608646.0,842690.0,13918.0,0.7223,230350.0,0.0,7906.0,361793.0,0.0,1082
2019,646205.0,870979.0,15482.0,0.7419,245555.0,0.0,7342.0,384678.0,0.0,1078
2020,629531.0,861375.0,15730.0,0.7308,252997.0,303044.0,6795.0,0.0,66695.0,1070
2021,618891.0,873190.0,18539.0,0.7088,239732.0,310418.0,6690.0,0.0,62051.0,1070
2022,636449.0,846225.0,18448.0,0.7521,243143.0,317279.0,6316.0,0.0,69711.0,1068
2023,654904.0,798055.0,18383.0,0.8206,239685.0,333275.0,6572.0,0.0,75372.0,1055
2024,728014.0,815788.0,18744.0,0.8924,256589.0,383477.0,6285.0,0.0,81663.0,1050
2025,778843.0,842536.0,20606.0,0.9244,267249.0,414237.0,6796.0,0.0,90561.0,1048
