year,fall_under18_public_ug,de_headcount_state_ratio,de_headcount_national_ratio,de_headcount_nces_anchored,credits_per_student_central,reported_per_student_central,credits_taught,de_credits_central,de_share_of_credits_taught,unreported_central,er,er_with_unreported_added
2002,430252.0,713623.1623,701960.2412,802415.2228,7.7665,6.7096,314382876.7309,5542385.7732,0.0176,754289.1881,0.5769,0.5755
2003,435766.6586,716683.9899,710957.4592,812700.0,7.7665,6.7096,333895582.7194,5566157.8257,0.0167,757524.4378,0.5806,0.5793
2004,441352.0,736671.3029,720069.997,829767.6381,7.7665,6.7096,349331457.218,5721390.1738,0.0164,778650.7337,0.5861,0.5848
2005,471707.124,790398.9669,769594.6712,894002.97,7.7665,6.7096,355386443.8275,6138668.447,0.0173,835440.0845,0.5938,0.5924
2006,504150.0,853126.5655,822525.5329,963210.9928,7.7665,6.7096,357980156.6056,6625845.1088,0.0185,901742.2337,0.6092,0.6076
2007,555267.5096,921130.7326,905924.2373,1069446.4758,7.7665,6.7096,374524859.0643,7154002.4729,0.0191,973621.6383,0.6004,0.5989
2008,611568.0,1004274.8469,997779.0243,1187398.9948,7.7665,6.7096,385589403.1455,7799744.905,0.0202,1061503.7445,0.5982,0.5966
2009,652649.2138,1058375.3053,1064803.4164,1277399.8933,7.7665,6.7096,404911096.2078,8219918.5015,0.0203,1118687.1333,0.5842,0.5825
2010,696490.0,1126020.3128,1136330.0772,1374222.5608,7.7665,6.7096,440533204.614,8745286.4371,0.0199,1190186.9116,0.5635,0.562
2011,710654.4691,1146163.4744,1159439.5436,1413500.0,7.8213,6.7569,450828444.9966,8964514.7457,0.0199,1220022.7169,0.5802,0.5787
2012,725107.0,1182934.5026,1183018.9856,1417779.8858,7.8765,6.8045,449064552.9747,9317369.7104,0.0207,1268044.3985,0.6153,0.6135
2013,759591.9738,1236934.2375,1239281.5493,1460012.1561,7.932,6.8525,435962640.6638,9811415.0528,0.0225,1335281.3386,0.6457,0.6437
2014,795717.0,1300426.0353,1298219.874,1503502.4248,7.988,6.9009,432899524.22,10387788.5597,0.024,1413722.7034,0.6596,0.6575
2015,875596.5686,1430075.0817,1428544.1519,1626368.4425,8.0443,6.9495,424609817.1746,11503995.2225,0.0271,1565632.4859,0.6798,0.6773
2016,963495.0,1581648.596,1571951.281,1759275.0549,8.1011,6.9986,417012462.6601,12813042.3454,0.0307,1743786.8281,0.7004,0.6975
2017,1051604.3075,1711634.5265,1715702.4565,1887582.8707,8.1582,7.0479,412957765.9975,13963867.1245,0.0338,1900407.9519,0.7176,0.7143
2018,1147771.0,1867695.5608,1872599.3324,2025248.4588,8.2157,7.0976,410754837.4004,15344514.9167,0.0374,2088306.7638,0.7298,0.7262
2019,1249343.6364,2031300.0308,2038316.0573,2167077.1033,8.2737,7.1477,406294860.0762,16806356.0577,0.0414,2287255.5581,0.744,0.7398
2020,1359905.0,2215360.9441,2218697.9764,2318838.0424,8.3321,7.1981,405896989.5369,18458499.2429,0.0455,2512103.4473,0.7525,0.7479
2021,1371255.1344,2231346.7701,2237215.8289,2298526.4436,8.3908,7.2489,391712699.6401,18722824.6349,0.0478,2548076.7255,0.7902,0.7851
2022,1382700.0,2258548.2626,2255888.2363,2278392.762,8.45,7.3,377003760.997,19084732.8188,0.0506,2597330.502,0.7999,0.7944
2023,1547130.0294,2523100.3683,2524157.3973,2506091.0,8.45,7.3,376214727.8548,21320198.1117,0.0567,2901565.4235,0.7783,0.7723
2024,1731114.0,2824329.0,2824329.0,2824329.0,8.45,7.3,388230676.4845,23865580.05,0.0615,3247978.35,0.7508,0.7446
