year,state,de,ug,share,de_pub2,ug_pub2,share_pub2
2023,AK,4041.0,35713,0.1132,,,
2023,AL,37587.0,312693,0.1202,29114.0,114346.0,0.2546
2023,AR,21745.0,165122,0.1317,14642.0,56669.0,0.2584
2023,AZ,45593.0,807629,0.0565,10109.0,68229.0,0.1482
2023,CA,244369.0,3088379,0.0791,158391.0,1328997.0,0.1192
2023,CO,71811.0,411181,0.1746,1216.0,4057.0,0.2997
2023,CT,9276.0,204891,0.0453,5111.0,52567.0,0.0972
2023,DC,2376.0,66717,0.0356,,,
2023,DE,3600.0,58053,0.062,,,
2023,FL,114247.0,1258816,0.0908,9902.0,34832.0,0.2843
2023,GA,58568.0,570749,0.1026,35728.0,156393.0,0.2285
2023,HI,7663.0,69628,0.1101,4294.0,31667.0,0.1356
2023,IA,52291.0,221419,0.2362,51273.0,117231.0,0.4374
2023,ID,48580.0,170769,0.2845,1751.0,5470.0,0.3201
2023,IL,97688.0,774056,0.1262,89262.0,411217.0,0.2171
2023,IN,128918.0,507662,0.2539,80336.0,164377.0,0.4887
2023,KS,40145.0,215007,0.1867,32388.0,108595.0,0.2982
2023,KY,54818.0,261384,0.2097,32356.0,101477.0,0.3189
2023,LA,35180.0,263460,0.1335,11900.0,84869.0,0.1402
2023,MA,20225.0,401372,0.0504,11769.0,90393.0,0.1302
2023,MD,26455.0,356051,0.0743,22898.0,138235.0,0.1656
2023,ME,14200.0,84042,0.169,6669.0,23513.0,0.2836
2023,MI,40811.0,512732,0.0796,26631.0,187894.0,0.1417
2023,MN,64686.0,358397,0.1805,36351.0,139384.0,0.2608
2023,MO,56026.0,320972,0.1746,13512.0,62813.0,0.2151
2023,MS,23177.0,170301,0.1361,18119.0,86033.0,0.2106
2023,MT,8145.0,52033,0.1565,4057.0,11537.0,0.3517
2023,NC,77525.0,595226,0.1302,73759.0,301816.0,0.2444
2023,ND,7437.0,53623,0.1387,3723.0,9449.0,0.394
2023,NE,26451.0,143574,0.1842,19236.0,57538.0,0.3343
2023,NH,9896.0,272344,0.0363,7585.0,21078.0,0.3599
2023,NJ,40937.0,434997,0.0941,27931.0,177182.0,0.1576
2023,NM,19838.0,131401,0.151,15511.0,79348.0,0.1955
2023,NV,16557.0,136783,0.121,,,
2023,NY,153430.0,1134470,0.1352,87108.0,311614.0,0.2795
2023,OH,93667.0,708735,0.1322,9927.0,71108.0,0.1396
2023,OK,18891.0,223838,0.0844,9676.0,70464.0,0.1373
2023,OR,38690.0,248996,0.1554,19720.0,84273.0,0.234
2023,PA,48575.0,626851,0.0775,21518.0,140419.0,0.1532
2023,RI,6961.0,80756,0.0862,1036.0,16371.0,0.0633
2023,SC,27647.0,264704,0.1044,19205.0,99092.0,0.1938
2023,SD,9307.0,56595,0.1644,2173.0,9008.0,0.2412
2023,TN,47509.0,346534,0.1371,33460.0,119913.0,0.279
2023,TX,253917.0,1833225,0.1385,81131.0,338313.0,0.2398
2023,UT,67769.0,483130,0.1403,11323.0,36778.0,0.3079
2023,VA,59859.0,549117,0.109,52693.0,204047.0,0.2582
2023,VT,3968.0,45499,0.0872,2178.0,9353.0,0.2329
2023,WA,55317.0,377243,0.1466,,,
2023,WI,69000.0,357919,0.1928,52347.0,155807.0,0.336
2023,WV,11378.0,162669,0.0699,2922.0,17753.0,0.1646
2023,WY,8312.0,38639,0.2151,2126.0,6356.0,0.3345
2024,AK,4628.0,36542,0.1266,,,
2024,AL,44022.0,324564,0.1356,33296.0,121049.0,0.2751
2024,AR,22919.0,167176,0.1371,15293.0,58706.0,0.2605
2024,AZ,47548.0,835387,0.0569,11229.0,71598.0,0.1568
2024,CA,292291.0,3291449,0.0888,189772.0,1445554.0,0.1313
2024,CO,76358.0,425970,0.1793,1222.0,4249.0,0.2876
2024,CT,28199.0,223252,0.1263,5277.0,51345.0,0.1028
2024,DC,2397.0,68824,0.0348,,,
2024,DE,5200.0,59764,0.087,,,
2024,FL,129335.0,1294419,0.0999,10339.0,37233.0,0.2777
2024,GA,68647.0,592855,0.1158,41987.0,169041.0,0.2484
2024,HI,8154.0,71303,0.1144,4658.0,32906.0,0.1416
2024,IA,54346.0,222629,0.2441,53213.0,118818.0,0.4479
2024,ID,53413.0,176635,0.3024,1674.0,5054.0,0.3312
2024,IL,108161.0,803860,0.1346,97681.0,435426.0,0.2243
2024,IN,144278.0,528703,0.2729,90915.0,178903.0,0.5082
2024,KS,42662.0,219377,0.1945,34331.0,110235.0,0.3114
2024,KY,59597.0,272174,0.219,36323.0,107495.0,0.3379
2024,LA,40159.0,271380,0.148,15308.0,88692.0,0.1726
2024,MA,22035.0,408272,0.054,12052.0,98972.0,0.1218
2024,MD,34985.0,372570,0.0939,30840.0,149383.0,0.2064
2024,ME,15252.0,89981,0.1695,7351.0,26615.0,0.2762
2024,MI,47266.0,524509,0.0901,31236.0,196884.0,0.1587
2024,MN,69805.0,379498,0.1839,39770.0,145003.0,0.2743
2024,MO,59033.0,322732,0.1829,14202.0,64215.0,0.2212
2024,MS,23046.0,174268,0.1322,17603.0,86835.0,0.2027
2024,MT,8792.0,52325,0.168,4467.0,11888.0,0.3758
2024,NC,87922.0,617347,0.1424,83903.0,320819.0,0.2615
2024,ND,8197.0,55211,0.1485,4163.0,9937.0,0.4189
2024,NE,28968.0,146741,0.1974,20756.0,60370.0,0.3438
2024,NH,11329.0,270903,0.0418,8624.0,23582.0,0.3657
2024,NJ,45449.0,447563,0.1015,31157.0,183718.0,0.1696
2024,NM,21487.0,132558,0.1621,17262.0,78536.0,0.2198
2024,NV,21687.0,142173,0.1525,,,
2024,NY,176442.0,1161665,0.1519,94660.0,325359.0,0.2909
2024,OH,103580.0,698714,0.1482,10769.0,50760.0,0.2122
2024,OK,20932.0,228034,0.0918,10133.0,70441.0,0.1439
2024,OR,43250.0,254220,0.1701,22624.0,89642.0,0.2524
2024,PA,54267.0,627007,0.0865,23000.0,143503.0,0.1603
2024,RI,7830.0,82129,0.0953,1214.0,16546.0,0.0734
2024,SC,29761.0,271236,0.1097,21204.0,102384.0,0.2071
2024,SD,9802.0,57206,0.1713,1964.0,8815.0,0.2228
2024,TN,55038.0,360601,0.1526,37906.0,128226.0,0.2956
2024,TX,283615.0,1881052,0.1508,93467.0,349783.0,0.2672
2024,UT,67491.0,525894,0.1283,11157.0,36898.0,0.3024
2024,VA,64389.0,559639,0.1151,57093.0,209657.0,0.2723
2024,VT,4300.0,45570,0.0944,2555.0,9462.0,0.27
2024,WA,70032.0,396764,0.1765,,,
2024,WI,73048.0,363235,0.2011,53297.0,159639.0,0.3339
2024,WV,13209.0,164315,0.0804,4198.0,19675.0,0.2134
2024,WY,9119.0,39295,0.2321,2241.0,6446.0,0.3477
