stabbr,er_2010,er_2022,credits_taught_2010,credits_taught_2022,degree_credits_2010,degree_credits_2022,dER,de_2023_24,state_ratio,de_headcount_2010,de_credits_2010,de_credits_per_100_taught_2010,de_headcount_2022,de_credits_2022,de_credits_per_100_taught_2022,de_contribution_r1,de_contribution_central,de_contribution_r025,share_central,ap_sent
AK,0.42393,0.6983,625568.0,351252.0,265200.0,245280.0,0.27437,4628.0,2.12099,2227.03941,17296.39986,2.76491,3934.4363,33245.98671,9.465,0.04897,0.00729,0.01323,0.02658,0.00438
AL,0.52166,0.76995,7078126.0,6068733.66667,3692400.0,4672620.0,0.24829,44022.0,1.46853,9878.77353,76723.93042,1.08396,25515.63699,215607.13255,3.55275,0.02082,0.00294,0.00537,0.01183,0.00576
AR,0.50713,0.8269,3790987.33333,3066461.0,1922520.0,2535660.0,0.31977,22919.0,1.08931,12600.00347,97858.48283,2.58135,19866.76435,167874.15879,5.47452,0.03016,0.00434,0.00791,0.01357,0.00273
AZ,0.46489,0.72255,8167537.33333,8823961.92844,3797040.0,6375780.0,0.25766,47548.0,1.11055,27446.01826,213160.71171,2.60985,39855.25222,336776.8813,3.81662,0.01474,0.00209,0.00382,0.0081,0.00434
CA,0.47272,0.80047,52232972.58796,48505340.85739,24691320.0,38826840.0,0.32775,292291.0,1.60065,125599.59141,975474.76784,1.86755,216177.02015,1826695.82029,3.76597,0.02038,0.00288,0.00527,0.0088,0.00624
CO,0.57228,0.75946,6489905.66667,6015589.0,3714060.0,4568580.0,0.18717,76358.0,1.43695,19860.06357,154244.05989,2.37668,53964.59644,456000.83988,7.58032,0.04023,0.00591,0.01074,0.03157,0.0055
CT,0.67817,0.79683,3877245.33333,3867859.33333,2629440.0,3082020.0,0.11866,28199.0,5.68299,20413.3027,158540.81601,4.08901,24084.51471,203514.14931,5.26167,0.01319,0.00191,0.00348,0.01612,0.0008
DC,0.82759,0.87154,1253008.0,1306857.0,1036980.0,1138980.0,0.04395,2397.0,15.76974,2318.15132,18004.02447,1.43686,1371.96711,11593.12204,0.8871,-0.00406,-0.00056,-0.00103,-0.01284,0.00258
DE,0.64332,0.86151,1182607.0,1121770.0,760800.0,966420.0,0.21819,5200.0,1.89297,2635.02002,20464.99925,1.7305,3799.19913,32103.23262,2.86184,0.01303,0.00183,0.00335,0.00839,0.00266
FL,0.6073,0.84376,23640253.0,21794050.2874,14356620.0,18388860.0,0.23646,129335.0,1.87709,43617.85427,338759.98952,1.43298,107324.28609,906890.21744,4.16118,0.02513,0.00357,0.00652,0.01509,0.00594
GA,0.46566,0.69915,12573221.0,10989244.66667,5854860.0,7683120.0,0.23349,68647.0,1.67936,11819.30147,91795.12627,0.73008,54919.9511,464073.58677,4.22298,0.02495,0.00353,0.00646,0.01513,0.00466
HI,0.57923,0.83841,1445238.66667,1116107.0,837120.0,935760.0,0.25919,8154.0,1.5982,3826.0831,29715.44323,2.05609,6853.06782,57908.42305,5.18843,0.02969,0.00426,0.00777,0.01645,0.00638
IA,0.62328,0.78229,5198036.66667,4221781.0,3239820.0,3302640.0,0.15901,54346.0,1.53195,35602.56631,276508.90198,5.31949,48493.94306,409773.81884,9.70618,0.03773,0.00572,0.01035,0.03597,0.00279
ID,0.62734,0.70309,2147258.66667,2851645.0,1347060.0,2004960.0,0.07575,53413.0,2.26413,8277.6452,64288.69666,2.99399,46797.22339,395436.53765,13.86696,0.06739,0.01048,0.0189,0.13831,0.00066
IL,0.57619,0.75443,18205054.66667,11938249.33333,10489620.0,9006600.0,0.17824,108161.0,2.14278,41947.02015,325783.38258,1.78952,84001.17919,709809.96416,5.94568,0.03221,0.00466,0.00848,0.02612,0.00618
IN,0.59746,0.7823,9876029.0,7964893.66667,5900520.0,6230940.0,0.18484,144278.0,2.34667,33648.90931,261335.73864,2.64616,111757.83924,944353.74156,11.85645,0.06752,0.01028,0.01859,0.05561,0.00611
KS,0.5959,0.7916,4428936.66667,3734438.33333,2639220.0,2956200.0,0.1957,42662.0,1.6765,18354.36696,142550.00074,3.21861,38227.64664,323023.61409,8.64986,0.04444,0.00661,0.012,0.03378,0.00286
KY,0.55559,0.81072,5659312.33333,4498982.33333,3144240.0,3647400.0,0.25513,59597.0,1.66794,24326.8379,188935.45979,3.33849,46932.36646,396578.49659,8.81485,0.04773,0.0071,0.01288,0.02782,0.00508
LA,0.50135,0.66381,5651275.66667,4831815.66667,2833260.0,3207420.0,0.16246,40159.0,1.30234,18318.7344,142273.25891,2.51754,30296.36843,256004.31326,5.2983,0.02109,0.00304,0.00554,0.01871,0.00346
MA,0.71623,0.86472,9769115.0,9082198.0,6996900.0,7853520.0,0.14849,22035.0,1.68799,5725.6565,44468.56384,0.4552,14420.48453,121853.09424,1.34167,0.0082,0.00113,0.00208,0.00763,0.00369
MD,0.60633,0.89333,6804600.66667,6006408.0,4125840.0,5365680.0,0.28699,34985.0,1.53875,9937.24182,77178.027,1.1342,23167.40676,195764.58709,3.25926,0.0214,0.00301,0.00551,0.01049,0.00334
ME,0.66597,0.75969,1411245.0,1304118.0,939840.0,990720.0,0.09372,15252.0,1.64424,2823.16559,21926.2401,1.55368,11692.21345,98799.20369,7.57594,0.04331,0.00635,0.01154,0.06773,0.00044
MI,0.58539,0.82969,14136457.33333,9901815.33333,8275380.0,8215440.0,0.2443,47266.0,1.40338,22250.66597,172810.77893,1.22245,38100.49388,321949.17332,3.25142,0.01906,0.00268,0.00491,0.01098,0.00843
MN,0.5873,0.79984,8178657.33333,5892235.0,4803360.0,4712820.0,0.21253,69805.0,1.3705,26509.56365,205887.69564,2.51738,55311.97226,467386.16558,7.93224,0.04436,0.00654,0.01188,0.03076,0.00426
MO,0.6507,0.84531,8634451.0,6044884.66667,5618460.0,5109780.0,0.1946,59033.0,1.61165,21552.54877,167388.82089,1.93862,49161.66513,415416.07034,6.87219,0.04198,0.00612,0.01114,0.03145,0.00342
MS,0.49955,0.75902,4192728.66667,3447659.0,2094480.0,2616840.0,0.25947,23046.0,1.77454,4635.10834,35998.77341,0.8586,22657.37491,191454.81802,5.55318,0.03568,0.00511,0.00932,0.0197,0.002
MT,0.59747,0.74861,1226078.33333,1033029.33333,732540.0,773340.0,0.15115,8792.0,2.34266,2448.07887,19013.11255,1.55073,7077.17346,59802.11575,5.789,0.03184,0.00459,0.00837,0.03039,0.007
NC,0.49704,0.75151,13905604.66667,11782542.0,6911700.0,8854740.0,0.25447,87922.0,1.38534,36171.23216,280925.47033,2.02023,77238.25652,652663.26755,5.53924,0.0296,0.00426,0.00777,0.01674,0.00385
ND,0.65747,0.83954,1254726.33333,1046931.66667,824940.0,878940.0,0.18207,8197.0,1.66301,3440.77764,26722.95136,2.12978,6124.88355,51755.26597,4.94352,0.02584,0.00371,0.00677,0.02038,0.00378
NE,0.60693,0.80889,2928464.66667,2500314.33333,1777380.0,2022480.0,0.20196,28968.0,1.76462,8801.92398,68360.53088,2.33435,22581.84064,190816.55344,7.6317,0.04351,0.00639,0.01162,0.03165,0.00349
NH,0.76074,0.85806,1520785.33333,1186426.33333,1156920.0,1018020.0,0.09732,11329.0,12.03932,8258.97343,64143.68153,4.2178,9186.00106,77621.70898,6.54248,0.0219,0.00323,0.00587,0.0332,0.00186
NJ,0.57413,0.8079,8975325.33333,8094879.0,5153040.0,6539880.0,0.23377,45449.0,2.85555,12284.59399,95408.84122,1.06301,33389.99479,282145.45593,3.48548,0.02117,0.00298,0.00546,0.01277,0.0023
NM,0.41072,0.73046,2828966.66667,1917230.0,1161900.0,1400460.0,0.31974,21487.0,1.37534,10229.809,79450.26291,2.80846,16372.0955,138344.20698,7.21584,0.03794,0.00554,0.01008,0.01733,0.00158
NV,0.43475,0.70913,2385782.66667,2309282.0,1037220.0,1637580.0,0.27438,21687.0,1.51944,13513.91985,104956.45471,4.39925,16017.96077,135351.76846,5.86121,0.02094,0.00302,0.00551,0.01102,0.00593
NY,0.66725,0.85693,27070461.33333,22975524.0,18062700.0,19688520.0,0.18969,176442.0,1.94925,80314.85148,623768.8373,2.30424,130225.3379,1100404.10525,4.78946,0.02414,0.00346,0.00632,0.01826,0.00184
OH,0.5627,0.78702,16000596.66667,13098686.33333,9003480.0,10308960.0,0.22433,103580.0,1.65286,27877.19661,216509.47735,1.35313,87760.44298,741575.74315,5.66145,0.03466,0.00498,0.00909,0.02221,0.00639
OK,0.62404,0.84789,4588728.66667,3716594.0,2863560.0,3151260.0,0.22385,20932.0,1.15762,7779.17487,60417.30483,1.31665,17115.34233,144624.64268,3.89132,0.02365,0.00335,0.00612,0.01497,0.00153
OR,0.59924,0.91012,4299348.66667,3382166.33333,2576340.0,3078180.0,0.31088,43250.0,3.31646,23855.32168,185273.40825,4.30934,38315.10237,323762.61502,9.57264,0.05475,0.00821,0.01488,0.02641,0.00734
PA,0.67135,0.84555,17800419.77011,13627609.08647,11950260.0,11522760.0,0.1742,54267.0,2.28704,22392.45604,173911.99776,0.97701,48453.33201,409430.65551,3.00442,0.01817,0.00255,0.00467,0.01465,0.00307
RI,0.75078,0.89914,1988645.0,1711506.0,1493040.0,1538880.0,0.14836,7830.0,4.70553,4013.81611,31173.47987,1.56757,7053.58774,59602.81641,3.48248,0.01867,0.00264,0.00483,0.01782,0.00201
SC,0.51845,0.70038,6025148.66667,5385863.66667,3123720.0,3772140.0,0.18193,29761.0,1.39442,10929.42501,84883.86152,1.40883,24227.96116,204726.27179,3.80118,0.01845,0.00261,0.00477,0.01436,0.00535
SD,0.60381,0.8137,1151392.33333,1015809.70732,695220.0,826560.0,0.20989,9802.0,1.49717,550.96013,4279.05619,0.37164,8490.47533,71744.51656,7.06279,0.05144,0.00744,0.01356,0.03546,0.00259
TN,0.56823,0.77881,7309909.33333,6368178.0,4153740.0,4959600.0,0.21058,55038.0,1.46385,13316.68403,103424.61399,1.41485,36782.27103,310810.19016,4.88068,0.02831,0.00405,0.00739,0.01922,0.004
TX,0.5164,0.75388,29254278.0,30059426.66667,15106920.0,22661340.0,0.23748,283615.0,1.22787,126065.57271,979093.83216,3.34684,236011.64762,1994298.42243,6.63452,0.03018,0.0044,0.00802,0.01855,0.00411
UT,0.67958,0.8315,4489882.66667,5125577.33333,3051240.0,4261920.0,0.15192,67491.0,1.38645,29396.89955,228312.31725,5.08504,58287.74484,492531.44389,9.60929,0.04001,0.00606,0.01098,0.03991,0.0065
VA,0.55899,0.77657,10767252.49868,9135784.66667,6018840.0,7094580.0,0.21758,64389.0,1.1674,35351.14399,274556.21942,2.54992,51872.15944,438319.74726,4.79783,0.02165,0.0031,0.00566,0.01427,0.00365
VT,0.76482,0.89464,1023138.0,877088.0,782520.0,784680.0,0.12982,4300.0,2.558,1667.81678,12953.17257,1.26602,3632.36169,30693.45628,3.49947,0.02069,0.00293,0.00535,0.02253,0.00114
WA,0.57643,0.8083,8641462.0,7200326.0,4981200.0,5820000.0,0.23187,70032.0,2.39238,64151.54169,498235.77878,5.76564,67804.69866,572949.70371,7.95727,0.02815,0.00417,0.00758,0.01799,0.00484
WI,0.61135,0.78818,7834784.0,6281085.46327,4789800.0,4950600.0,0.17683,73048.0,1.7775,15538.87522,120683.35993,1.54035,57880.62157,489091.25226,7.78673,0.04767,0.00699,0.01271,0.03951,0.00709
WV,0.57248,0.78662,2426914.0,1790488.66667,1389360.0,1408440.0,0.21414,13209.0,1.50753,6474.8522,50287.22529,2.07206,9212.53127,77845.88924,4.34775,0.02115,0.00302,0.00551,0.01409,0.00391
WY,0.4268,0.68979,901403.75722,589744.0,384720.0,406800.0,0.26299,9119.0,1.56711,4781.24575,37133.75603,4.11955,8224.18147,69494.33346,11.78381,0.05583,0.00851,0.01539,0.03235,0.00367
