kind,group,label,year,measured,low,central,high,n
sector,All 2- and 4-year institutions,All institutions,1998,0.58741,0.59546,0.59825,0.604,3675
sector,All 2- and 4-year institutions,All institutions,1999,0.58089,0.58991,0.59293,0.59938,3587
sector,All 2- and 4-year institutions,All institutions,2000,0.60261,0.6143,0.62048,0.62949,3105
sector,All 2- and 4-year institutions,All institutions,2001,0.58833,0.60123,0.6077,0.61748,3196
sector,All 2- and 4-year institutions,All institutions,2002,0.57686,0.58925,0.59521,0.60459,3382
sector,All 2- and 4-year institutions,All institutions,2003,0.58057,0.59031,0.59571,0.6035,3588
sector,All 2- and 4-year institutions,All institutions,2004,0.5861,0.59431,0.59825,0.60491,3671
sector,All 2- and 4-year institutions,All institutions,2005,0.59378,0.60108,0.6041,0.60964,3777
sector,All 2- and 4-year institutions,All institutions,2006,0.60917,0.61657,0.61953,0.6249,3763
sector,All 2- and 4-year institutions,All institutions,2007,0.60041,0.60841,0.61233,0.61848,3862
sector,All 2- and 4-year institutions,All institutions,2008,0.59822,0.60655,0.61071,0.61682,3982
sector,All 2- and 4-year institutions,All institutions,2009,0.58416,0.59274,0.59836,0.60473,4049
sector,All 2- and 4-year institutions,All institutions,2010,0.56349,0.57031,0.57521,0.58039,4185
sector,All 2- and 4-year institutions,All institutions,2011,0.58023,0.58503,0.58733,0.59082,4263
sector,All 2- and 4-year institutions,All institutions,2012,0.61528,0.61949,0.62065,0.62377,4355
sector,All 2- and 4-year institutions,All institutions,2013,0.64567,0.65004,0.65148,0.65505,4344
sector,All 2- and 4-year institutions,All institutions,2014,0.65963,0.66277,0.66402,0.66657,4312
sector,All 2- and 4-year institutions,All institutions,2015,0.67978,0.68165,0.68233,0.68414,4240
sector,All 2- and 4-year institutions,All institutions,2016,0.70038,0.70333,0.70419,0.7066,4032
sector,All 2- and 4-year institutions,All institutions,2017,0.71762,0.72264,0.72473,0.72854,3991
sector,All 2- and 4-year institutions,All institutions,2018,0.72984,0.73615,0.7387,0.74337,3864
sector,All 2- and 4-year institutions,All institutions,2019,0.74401,0.75029,0.75264,0.75723,3723
sector,All 2- and 4-year institutions,All institutions,2020,0.7525,0.75726,0.75956,0.76346,3672
sector,All 2- and 4-year institutions,All institutions,2021,0.79018,0.78803,0.78485,0.78424,3651
sector,All 2- and 4-year institutions,All institutions,2022,0.79991,0.79599,0.79327,0.79183,3645
sector,All 2- and 4-year institutions,All institutions,2023,0.7783,0.77956,0.78171,0.78395,3584
sector,All 2- and 4-year institutions,All institutions,2024,0.75082,0.75906,0.76467,0.77151,3530
sector,Public 4-year,Public 4-year,1998,0.67567,0.68736,0.69291,0.70128,799
sector,Public 4-year,Public 4-year,1999,0.65466,0.66652,0.67126,0.67978,807
sector,Public 4-year,Public 4-year,2000,0.68521,0.70053,0.7081,0.71974,771
sector,Public 4-year,Public 4-year,2001,0.67159,0.68925,0.69894,0.71228,774
sector,Public 4-year,Public 4-year,2002,0.66067,0.67759,0.68691,0.70005,802
sector,Public 4-year,Public 4-year,2003,0.66164,0.67622,0.6841,0.69566,807
sector,Public 4-year,Public 4-year,2004,0.6781,0.69082,0.69761,0.70776,819
sector,Public 4-year,Public 4-year,2005,0.69311,0.70275,0.70781,0.71529,815
sector,Public 4-year,Public 4-year,2006,0.70385,0.71161,0.71566,0.72146,814
sector,Public 4-year,Public 4-year,2007,0.70468,0.71421,0.71953,0.72658,817
sector,Public 4-year,Public 4-year,2008,0.70139,0.71291,0.71903,0.72719,826
sector,Public 4-year,Public 4-year,2009,0.69302,0.70537,0.71276,0.72164,833
sector,Public 4-year,Public 4-year,2010,0.68439,0.69372,0.69963,0.70639,835
sector,Public 4-year,Public 4-year,2011,0.69698,0.70244,0.70552,0.70953,837
sector,Public 4-year,Public 4-year,2012,0.72432,0.72873,0.73106,0.73443,835
sector,Public 4-year,Public 4-year,2013,0.75028,0.75486,0.75652,0.75983,838
sector,Public 4-year,Public 4-year,2014,0.76491,0.77057,0.77313,0.77726,839
sector,Public 4-year,Public 4-year,2015,0.77693,0.78292,0.78569,0.79005,845
sector,Public 4-year,Public 4-year,2016,0.79364,0.80048,0.80354,0.80836,842
sector,Public 4-year,Public 4-year,2017,0.81049,0.81925,0.82346,0.82947,841
sector,Public 4-year,Public 4-year,2018,0.82645,0.8359,0.84066,0.84722,843
sector,Public 4-year,Public 4-year,2019,0.84589,0.85517,0.85953,0.86609,840
sector,Public 4-year,Public 4-year,2020,0.85727,0.86475,0.86866,0.87421,817
sector,Public 4-year,Public 4-year,2021,0.8952,0.89571,0.89509,0.89632,812
sector,Public 4-year,Public 4-year,2022,0.90197,0.89945,0.89811,0.89759,826
sector,Public 4-year,Public 4-year,2023,0.88029,0.88216,0.88464,0.88716,826
sector,Public 4-year,Public 4-year,2024,0.85392,0.86473,0.87124,0.87934,827
sector,Public 2-year,Public 2-year,1998,0.23951,0.23822,0.23555,0.23463,772
sector,Public 2-year,Public 2-year,1999,0.23908,0.23856,0.23769,0.23752,747
sector,Public 2-year,Public 2-year,2000,0.24112,0.24312,0.24895,0.25188,718
sector,Public 2-year,Public 2-year,2001,0.23884,0.23915,0.24131,0.24316,732
sector,Public 2-year,Public 2-year,2002,0.22585,0.22603,0.2269,0.22748,772
sector,Public 2-year,Public 2-year,2003,0.22695,0.22814,0.23154,0.2332,810
sector,Public 2-year,Public 2-year,2004,0.2299,0.22975,0.22972,0.22986,791
sector,Public 2-year,Public 2-year,2005,0.24145,0.24099,0.2403,0.24021,798
sector,Public 2-year,Public 2-year,2006,0.24924,0.24923,0.24953,0.24981,791
sector,Public 2-year,Public 2-year,2007,0.25415,0.25479,0.25681,0.25788,812
sector,Public 2-year,Public 2-year,2008,0.24266,0.24339,0.24553,0.2466,819
sector,Public 2-year,Public 2-year,2009,0.24053,0.24276,0.24899,0.252,818
sector,Public 2-year,Public 2-year,2010,0.22504,0.22759,0.23445,0.23764,800
sector,Public 2-year,Public 2-year,2011,0.23999,0.24048,0.24194,0.24268,792
sector,Public 2-year,Public 2-year,2012,0.26881,0.26784,0.26553,0.26458,776
sector,Public 2-year,Public 2-year,2013,0.28952,0.28916,0.28888,0.2891,775
sector,Public 2-year,Public 2-year,2014,0.30691,0.30647,0.30557,0.30527,769
sector,Public 2-year,Public 2-year,2015,0.32645,0.32529,0.32253,0.32139,762
sector,Public 2-year,Public 2-year,2016,0.34481,0.3434,0.34002,0.33862,766
sector,Public 2-year,Public 2-year,2017,0.35795,0.35728,0.35576,0.35518,767
sector,Public 2-year,Public 2-year,2018,0.37217,0.37144,0.36969,0.36898,766
sector,Public 2-year,Public 2-year,2019,0.39361,0.39286,0.39115,0.39049,766
sector,Public 2-year,Public 2-year,2020,0.39714,0.39692,0.39649,0.39638,760
sector,Public 2-year,Public 2-year,2021,0.43445,0.42895,0.41543,0.4097,762
sector,Public 2-year,Public 2-year,2022,0.45351,0.44989,0.44093,0.43711,758
sector,Public 2-year,Public 2-year,2023,0.42925,0.43048,0.43406,0.43583,747
sector,Public 2-year,Public 2-year,2024,0.41392,0.41647,0.42451,0.42891,744
sector,Private nonprofit 4-year,Private nonprofit 4-year,1998,0.81379,0.82517,0.82803,0.83609,1336
sector,Private nonprofit 4-year,Private nonprofit 4-year,1999,0.80593,0.81976,0.82323,0.83279,1318
sector,Private nonprofit 4-year,Private nonprofit 4-year,2000,0.84379,0.8598,0.86385,0.87486,1124
sector,Private nonprofit 4-year,Private nonprofit 4-year,2001,0.82274,0.84091,0.84523,0.857,1157
sector,Private nonprofit 4-year,Private nonprofit 4-year,2002,0.82278,0.84087,0.84526,0.85735,1233
sector,Private nonprofit 4-year,Private nonprofit 4-year,2003,0.83615,0.84603,0.84851,0.85562,1263
sector,Private nonprofit 4-year,Private nonprofit 4-year,2004,0.84203,0.85155,0.85423,0.86197,1304
sector,Private nonprofit 4-year,Private nonprofit 4-year,2005,0.83995,0.85316,0.85649,0.86571,1329
sector,Private nonprofit 4-year,Private nonprofit 4-year,2006,0.845,0.86241,0.86667,0.87852,1300
sector,Private nonprofit 4-year,Private nonprofit 4-year,2007,0.84818,0.8644,0.86868,0.88116,1354
sector,Private nonprofit 4-year,Private nonprofit 4-year,2008,0.8475,0.85963,0.86269,0.87124,1357
sector,Private nonprofit 4-year,Private nonprofit 4-year,2009,0.84592,0.85676,0.85935,0.86638,1355
sector,Private nonprofit 4-year,Private nonprofit 4-year,2010,0.8332,0.84365,0.84621,0.85321,1352
sector,Private nonprofit 4-year,Private nonprofit 4-year,2011,0.82728,0.8399,0.84294,0.8512,1358
sector,Private nonprofit 4-year,Private nonprofit 4-year,2012,0.84158,0.85474,0.8581,0.8676,1366
sector,Private nonprofit 4-year,Private nonprofit 4-year,2013,0.85503,0.86669,0.86988,0.87923,1370
sector,Private nonprofit 4-year,Private nonprofit 4-year,2014,0.85774,0.86095,0.86199,0.86516,1378
sector,Private nonprofit 4-year,Private nonprofit 4-year,2015,0.87205,0.86873,0.86838,0.86798,1379
sector,Private nonprofit 4-year,Private nonprofit 4-year,2016,0.88742,0.88633,0.88662,0.88803,1380
sector,Private nonprofit 4-year,Private nonprofit 4-year,2017,0.89517,0.89883,0.90021,0.90463,1376
sector,Private nonprofit 4-year,Private nonprofit 4-year,2018,0.89239,0.9004,0.90277,0.91002,1370
sector,Private nonprofit 4-year,Private nonprofit 4-year,2019,0.89282,0.90083,0.90309,0.90958,1380
sector,Private nonprofit 4-year,Private nonprofit 4-year,2020,0.88971,0.89375,0.89532,0.90004,1366
sector,Private nonprofit 4-year,Private nonprofit 4-year,2021,0.91422,0.9075,0.90687,0.90609,1351
sector,Private nonprofit 4-year,Private nonprofit 4-year,2022,0.90783,0.89871,0.89751,0.89538,1335
sector,Private nonprofit 4-year,Private nonprofit 4-year,2023,0.88531,0.88542,0.88606,0.88871,1330
sector,Private nonprofit 4-year,Private nonprofit 4-year,2024,0.86351,0.87331,0.87603,0.88418,1306
sector,Private for-profit 4-year,Private for-profit 4-year,1998,0.48667,0.48691,0.48709,0.48774,257
sector,Private for-profit 4-year,Private for-profit 4-year,1999,0.50082,0.50252,0.50302,0.50439,274
sector,Private for-profit 4-year,Private for-profit 4-year,2000,0.55008,0.54827,0.54808,0.5476,233
sector,Private for-profit 4-year,Private for-profit 4-year,2001,0.52942,0.52907,0.5292,0.52964,279
sector,Private for-profit 4-year,Private for-profit 4-year,2002,0.52346,0.5241,0.52444,0.52565,268
sector,Private for-profit 4-year,Private for-profit 4-year,2003,0.58204,0.58247,0.5828,0.58404,325
sector,Private for-profit 4-year,Private for-profit 4-year,2004,0.54491,0.54514,0.54529,0.54583,365
sector,Private for-profit 4-year,Private for-profit 4-year,2005,0.54394,0.54573,0.54619,0.54749,403
sector,Private for-profit 4-year,Private for-profit 4-year,2006,0.6257,0.62931,0.6302,0.63265,438
sector,Private for-profit 4-year,Private for-profit 4-year,2007,0.50491,0.50679,0.50725,0.50851,427
sector,Private for-profit 4-year,Private for-profit 4-year,2008,0.55867,0.563,0.56436,0.56884,484
sector,Private for-profit 4-year,Private for-profit 4-year,2009,0.50712,0.50876,0.50916,0.51025,523
sector,Private for-profit 4-year,Private for-profit 4-year,2010,0.49153,0.49221,0.49238,0.49284,600
sector,Private for-profit 4-year,Private for-profit 4-year,2011,0.56355,0.563,0.56283,0.56306,668
sector,Private for-profit 4-year,Private for-profit 4-year,2012,0.66665,0.66716,0.6675,0.66865,704
sector,Private for-profit 4-year,Private for-profit 4-year,2013,0.75396,0.75576,0.75751,0.76071,714
sector,Private for-profit 4-year,Private for-profit 4-year,2014,0.75077,0.74966,0.75018,0.75064,671
sector,Private for-profit 4-year,Private for-profit 4-year,2015,0.79016,0.78694,0.78711,0.78701,640
sector,Private for-profit 4-year,Private for-profit 4-year,2016,0.82288,0.82314,0.82357,0.82406,469
sector,Private for-profit 4-year,Private for-profit 4-year,2017,0.86908,0.86827,0.86818,0.86789,449
sector,Private for-profit 4-year,Private for-profit 4-year,2018,0.85488,0.85453,0.85441,0.85426,365
sector,Private for-profit 4-year,Private for-profit 4-year,2019,0.79715,0.79697,0.79679,0.79684,300
sector,Private for-profit 4-year,Private for-profit 4-year,2020,0.77438,0.77532,0.77534,0.77637,282
sector,Private for-profit 4-year,Private for-profit 4-year,2021,0.80697,0.808,0.80806,0.80909,294
sector,Private for-profit 4-year,Private for-profit 4-year,2022,0.81826,0.81906,0.8191,0.81969,288
sector,Private for-profit 4-year,Private for-profit 4-year,2023,0.81437,0.81437,0.81437,0.81437,260
sector,Private for-profit 4-year,Private for-profit 4-year,2024,0.73998,0.73998,0.73998,0.73998,246
sector,Community colleges (all associate-dominant public colleges),Community colleges,1998,0.23886,0.23763,0.23514,0.23431,914
sector,Community colleges (all associate-dominant public colleges),Community colleges,1999,0.23725,0.23562,0.23249,0.23152,908
sector,Community colleges (all associate-dominant public colleges),Community colleges,2000,0.24516,0.24614,0.24989,0.25213,911
sector,Community colleges (all associate-dominant public colleges),Community colleges,2001,0.24055,0.24122,0.24433,0.24654,930
sector,Community colleges (all associate-dominant public colleges),Community colleges,2002,0.22731,0.22788,0.22979,0.23085,988
sector,Community colleges (all associate-dominant public colleges),Community colleges,2003,0.2291,0.23014,0.23315,0.23464,1034
sector,Community colleges (all associate-dominant public colleges),Community colleges,2004,0.23543,0.23541,0.23573,0.23604,1010
sector,Community colleges (all associate-dominant public colleges),Community colleges,2005,0.24524,0.24495,0.24469,0.24479,1015
sector,Community colleges (all associate-dominant public colleges),Community colleges,2006,0.25239,0.25245,0.25292,0.25328,1004
sector,Community colleges (all associate-dominant public colleges),Community colleges,2007,0.25261,0.25343,0.25594,0.25725,1023
sector,Community colleges (all associate-dominant public colleges),Community colleges,2008,0.24624,0.24706,0.24946,0.25066,1037
sector,Community colleges (all associate-dominant public colleges),Community colleges,2009,0.23683,0.23924,0.24605,0.24937,1037
sector,Community colleges (all associate-dominant public colleges),Community colleges,2010,0.231,0.23361,0.24064,0.24391,1022
sector,Community colleges (all associate-dominant public colleges),Community colleges,2011,0.24596,0.24652,0.24813,0.24893,1013
sector,Community colleges (all associate-dominant public colleges),Community colleges,2012,0.27909,0.27843,0.27694,0.27638,1002
sector,Community colleges (all associate-dominant public colleges),Community colleges,2013,0.29868,0.29796,0.29659,0.29624,1000
sector,Community colleges (all associate-dominant public colleges),Community colleges,2014,0.3159,0.31537,0.31419,0.31376,997
sector,Community colleges (all associate-dominant public colleges),Community colleges,2015,0.33644,0.33544,0.33307,0.3321,990
sector,Community colleges (all associate-dominant public colleges),Community colleges,2016,0.3578,0.35656,0.35364,0.35247,993
sector,Community colleges (all associate-dominant public colleges),Community colleges,2017,0.37184,0.37133,0.37024,0.36986,993
sector,Community colleges (all associate-dominant public colleges),Community colleges,2018,0.38695,0.38656,0.38573,0.38543,990
sector,Community colleges (all associate-dominant public colleges),Community colleges,2019,0.40887,0.40816,0.40654,0.40591,987
sector,Community colleges (all associate-dominant public colleges),Community colleges,2020,0.4104,0.41034,0.41034,0.41042,979
sector,Community colleges (all associate-dominant public colleges),Community colleges,2021,0.45439,0.44932,0.43754,0.43294,979
sector,Community colleges (all associate-dominant public colleges),Community colleges,2022,0.4717,0.46861,0.46115,0.45807,977
sector,Community colleges (all associate-dominant public colleges),Community colleges,2023,0.44357,0.44536,0.45036,0.45276,962
sector,Community colleges (all associate-dominant public colleges),Community colleges,2024,0.42989,0.43246,0.44021,0.44429,959
sector,Public universities (public 4-year excluding community colleges),Public universities,1998,0.77479,0.78937,0.79658,0.80698,597
sector,Public universities (public 4-year excluding community colleges),Public universities,1999,0.75328,0.76883,0.77652,0.78764,600
sector,Public universities (public 4-year excluding community colleges),Public universities,2000,0.77899,0.79801,0.80755,0.82163,565
sector,Public universities (public 4-year excluding community colleges),Public universities,2001,0.77181,0.79325,0.80397,0.81972,570
sector,Public universities (public 4-year excluding community colleges),Public universities,2002,0.7665,0.78722,0.79776,0.81358,590
sector,Public universities (public 4-year excluding community colleges),Public universities,2003,0.77428,0.79252,0.80191,0.81623,583
sector,Public universities (public 4-year excluding community colleges),Public universities,2004,0.78506,0.80088,0.80907,0.82156,601
sector,Public universities (public 4-year excluding community colleges),Public universities,2005,0.80512,0.81719,0.82335,0.83259,597
sector,Public universities (public 4-year excluding community colleges),Public universities,2006,0.8131,0.82271,0.82754,0.83464,599
sector,Public universities (public 4-year excluding community colleges),Public universities,2007,0.81324,0.8248,0.83054,0.83885,601
sector,Public universities (public 4-year excluding community colleges),Public universities,2008,0.8178,0.83205,0.83898,0.84887,605
sector,Public universities (public 4-year excluding community colleges),Public universities,2009,0.81809,0.83311,0.84035,0.85062,610
sector,Public universities (public 4-year excluding community colleges),Public universities,2010,0.81548,0.82677,0.83223,0.83998,610
sector,Public universities (public 4-year excluding community colleges),Public universities,2011,0.82829,0.83518,0.8386,0.84351,613
sector,Public universities (public 4-year excluding community colleges),Public universities,2012,0.84692,0.85261,0.8555,0.85974,611
sector,Public universities (public 4-year excluding community colleges),Public universities,2013,0.86941,0.87569,0.87888,0.88356,615
sector,Public universities (public 4-year excluding community colleges),Public universities,2014,0.8819,0.88931,0.89306,0.89852,613
sector,Public universities (public 4-year excluding community colleges),Public universities,2015,0.88895,0.89672,0.90063,0.90632,619
sector,Public universities (public 4-year excluding community colleges),Public universities,2016,0.89916,0.908,0.91234,0.91858,617
sector,Public universities (public 4-year excluding community colleges),Public universities,2017,0.9137,0.92472,0.93003,0.93755,617
sector,Public universities (public 4-year excluding community colleges),Public universities,2018,0.92789,0.9396,0.94527,0.95331,620
sector,Public universities (public 4-year excluding community colleges),Public universities,2019,0.94456,0.95625,0.96202,0.97032,619
sector,Public universities (public 4-year excluding community colleges),Public universities,2020,0.9618,0.97108,0.97575,0.98255,599
sector,Public universities (public 4-year excluding community colleges),Public universities,2021,0.98878,0.99039,0.99157,0.99363,595
sector,Public universities (public 4-year excluding community colleges),Public universities,2022,0.99015,0.98752,0.98688,0.9866,608
sector,Public universities (public 4-year excluding community colleges),Public universities,2023,0.97234,0.97397,0.97524,0.9775,611
sector,Public universities (public 4-year excluding community colleges),Public universities,2024,0.94579,0.95853,0.96489,0.97408,612
sector,Memo: five largest online universities,Five largest online universities,1998,0.62313,0.62313,0.62313,0.62313,12
sector,Memo: five largest online universities,Five largest online universities,1999,0.71932,0.71932,0.71932,0.71932,16
sector,Memo: five largest online universities,Five largest online universities,2000,0.82123,0.82123,0.82123,0.82123,18
sector,Memo: five largest online universities,Five largest online universities,2001,0.76768,0.76768,0.76768,0.76768,35
sector,Memo: five largest online universities,Five largest online universities,2002,0.84577,0.84577,0.84577,0.84577,13
sector,Memo: five largest online universities,Five largest online universities,2003,0.9169,0.9169,0.9169,0.9169,35
sector,Memo: five largest online universities,Five largest online universities,2004,0.59591,0.59591,0.59591,0.59591,47
sector,Memo: five largest online universities,Five largest online universities,2005,0.65345,0.65345,0.65345,0.65345,57
sector,Memo: five largest online universities,Five largest online universities,2006,0.76326,0.76326,0.76326,0.76326,67
sector,Memo: five largest online universities,Five largest online universities,2007,0.45724,0.45724,0.45724,0.45724,54
sector,Memo: five largest online universities,Five largest online universities,2008,0.60859,0.60859,0.60859,0.60859,68
sector,Memo: five largest online universities,Five largest online universities,2009,0.77068,0.77068,0.77068,0.77068,70
sector,Memo: five largest online universities,Five largest online universities,2010,0.58891,0.58891,0.58891,0.58891,75
sector,Memo: five largest online universities,Five largest online universities,2011,0.73238,0.73238,0.73238,0.73238,74
sector,Memo: five largest online universities,Five largest online universities,2012,0.91453,0.91453,0.91453,0.91453,79
sector,Memo: five largest online universities,Five largest online universities,2013,1.04229,1.04229,1.04229,1.04229,74
sector,Memo: five largest online universities,Five largest online universities,2014,1.0156,1.0156,1.0156,1.0156,43
sector,Memo: five largest online universities,Five largest online universities,2015,0.99013,0.99013,0.99013,0.99013,43
sector,Memo: five largest online universities,Five largest online universities,2016,0.97299,0.97299,0.97299,0.97299,35
sector,Memo: five largest online universities,Five largest online universities,2017,0.99253,0.99253,0.99253,0.99253,21
sector,Memo: five largest online universities,Five largest online universities,2018,1.00346,1.00346,1.00346,1.00346,15
sector,Memo: five largest online universities,Five largest online universities,2019,0.99141,0.99141,0.99141,0.99141,12
sector,Memo: five largest online universities,Five largest online universities,2020,0.99272,0.99272,0.99272,0.99272,11
sector,Memo: five largest online universities,Five largest online universities,2021,0.9972,0.9972,0.9972,0.9972,10
sector,Memo: five largest online universities,Five largest online universities,2022,0.95809,0.95809,0.95809,0.95809,10
sector,Memo: five largest online universities,Five largest online universities,2023,0.90608,0.90608,0.90608,0.90608,8
sector,Memo: five largest online universities,Five largest online universities,2024,0.89496,0.89496,0.89496,0.89496,6
carnegie,Public 4-year | R1 (very high research),Public 4-year | R1 (very high research),1998,0.82619,0.84371,0.85203,0.86368,105
carnegie,Public 4-year | R1 (very high research),Public 4-year | R1 (very high research),1999,0.81467,0.83414,0.84339,0.85638,106
carnegie,Public 4-year | R1 (very high research),Public 4-year | R1 (very high research),2000,0.82776,0.8511,0.86225,0.87791,101
carnegie,Public 4-year | R1 (very high research),Public 4-year | R1 (very high research),2001,0.82699,0.85298,0.86546,0.88307,101
carnegie,Public 4-year | R1 (very high research),Public 4-year | R1 (very high research),2002,0.81172,0.83457,0.84553,0.86101,105
carnegie,Public 4-year | R1 (very high research),Public 4-year | R1 (very high research),2003,0.83097,0.84961,0.85852,0.87104,105
carnegie,Public 4-year | R1 (very high research),Public 4-year | R1 (very high research),2004,0.84204,0.85736,0.86463,0.87479,106
carnegie,Public 4-year | R1 (very high research),Public 4-year | R1 (very high research),2005,0.86273,0.87458,0.88024,0.88819,106
carnegie,Public 4-year | R1 (very high research),Public 4-year | R1 (very high research),2006,0.86537,0.8758,0.88083,0.88797,106
carnegie,Public 4-year | R1 (very high research),Public 4-year | R1 (very high research),2007,0.86673,0.87939,0.88541,0.89385,106
carnegie,Public 4-year | R1 (very high research),Public 4-year | R1 (very high research),2008,0.87771,0.89116,0.89751,0.90637,107
carnegie,Public 4-year | R1 (very high research),Public 4-year | R1 (very high research),2009,0.8745,0.88727,0.89335,0.90185,107
carnegie,Public 4-year | R1 (very high research),Public 4-year | R1 (very high research),2010,0.87837,0.88628,0.8901,0.89551,107
carnegie,Public 4-year | R1 (very high research),Public 4-year | R1 (very high research),2011,0.88983,0.89561,0.8984,0.90235,107
carnegie,Public 4-year | R1 (very high research),Public 4-year | R1 (very high research),2012,0.90617,0.91471,0.9188,0.92455,107
carnegie,Public 4-year | R1 (very high research),Public 4-year | R1 (very high research),2013,0.91381,0.92558,0.93122,0.93918,107
carnegie,Public 4-year | R1 (very high research),Public 4-year | R1 (very high research),2014,0.91858,0.9321,0.93855,0.94762,107
carnegie,Public 4-year | R1 (very high research),Public 4-year | R1 (very high research),2015,0.92477,0.93791,0.94415,0.95289,107
carnegie,Public 4-year | R1 (very high research),Public 4-year | R1 (very high research),2016,0.93009,0.94448,0.95129,0.96079,107
carnegie,Public 4-year | R1 (very high research),Public 4-year | R1 (very high research),2017,0.93738,0.95454,0.96262,0.97388,107
carnegie,Public 4-year | R1 (very high research),Public 4-year | R1 (very high research),2018,0.95348,0.97059,0.97868,0.98997,107
carnegie,Public 4-year | R1 (very high research),Public 4-year | R1 (very high research),2019,0.97121,0.98793,0.99586,1.00695,106
carnegie,Public 4-year | R1 (very high research),Public 4-year | R1 (very high research),2020,0.98771,1.00184,1.00855,1.01794,107
carnegie,Public 4-year | R1 (very high research),Public 4-year | R1 (very high research),2021,1.00482,1.01332,1.01746,1.02336,107
carnegie,Public 4-year | R1 (very high research),Public 4-year | R1 (very high research),2022,0.99461,1.00676,1.01268,1.02113,107
carnegie,Public 4-year | R1 (very high research),Public 4-year | R1 (very high research),2023,0.98141,0.99798,1.00593,1.01714,107
carnegie,Public 4-year | R1 (very high research),Public 4-year | R1 (very high research),2024,0.95628,0.97725,0.98732,1.00152,107
carnegie,Public 4-year | R2 (high research),Public 4-year | R2 (high research),1998,0.76362,0.78158,0.79048,0.80334,85
carnegie,Public 4-year | R2 (high research),Public 4-year | R2 (high research),1999,0.72772,0.74459,0.75274,0.76429,87
carnegie,Public 4-year | R2 (high research),Public 4-year | R2 (high research),2000,0.76886,0.79096,0.80161,0.81667,84
carnegie,Public 4-year | R2 (high research),Public 4-year | R2 (high research),2001,0.76078,0.78358,0.79455,0.81004,82
carnegie,Public 4-year | R2 (high research),Public 4-year | R2 (high research),2002,0.75268,0.77291,0.78274,0.79677,85
carnegie,Public 4-year | R2 (high research),Public 4-year | R2 (high research),2003,0.75639,0.77255,0.78038,0.7915,85
carnegie,Public 4-year | R2 (high research),Public 4-year | R2 (high research),2004,0.7695,0.78395,0.79098,0.80102,88
carnegie,Public 4-year | R2 (high research),Public 4-year | R2 (high research),2005,0.79872,0.8111,0.81715,0.82581,86
carnegie,Public 4-year | R2 (high research),Public 4-year | R2 (high research),2006,0.80703,0.8155,0.81974,0.82589,88
carnegie,Public 4-year | R2 (high research),Public 4-year | R2 (high research),2007,0.8074,0.81659,0.82126,0.8281,89
carnegie,Public 4-year | R2 (high research),Public 4-year | R2 (high research),2008,0.80546,0.8191,0.82576,0.83525,88
carnegie,Public 4-year | R2 (high research),Public 4-year | R2 (high research),2009,0.81053,0.82887,0.83766,0.85004,88
carnegie,Public 4-year | R2 (high research),Public 4-year | R2 (high research),2010,0.80761,0.82397,0.83186,0.84305,88
carnegie,Public 4-year | R2 (high research),Public 4-year | R2 (high research),2011,0.81328,0.82189,0.82616,0.8323,89
carnegie,Public 4-year | R2 (high research),Public 4-year | R2 (high research),2012,0.82591,0.82935,0.8312,0.83399,89
carnegie,Public 4-year | R2 (high research),Public 4-year | R2 (high research),2013,0.85911,0.8621,0.86372,0.86616,92
carnegie,Public 4-year | R2 (high research),Public 4-year | R2 (high research),2014,0.87943,0.88676,0.89049,0.89595,92
carnegie,Public 4-year | R2 (high research),Public 4-year | R2 (high research),2015,0.87118,0.88173,0.88696,0.89449,93
carnegie,Public 4-year | R2 (high research),Public 4-year | R2 (high research),2016,0.87911,0.89251,0.89898,0.90813,93
carnegie,Public 4-year | R2 (high research),Public 4-year | R2 (high research),2017,0.90146,0.91403,0.92009,0.92864,93
carnegie,Public 4-year | R2 (high research),Public 4-year | R2 (high research),2018,0.91907,0.92926,0.93425,0.94138,93
carnegie,Public 4-year | R2 (high research),Public 4-year | R2 (high research),2019,0.94335,0.95203,0.95644,0.96288,93
carnegie,Public 4-year | R2 (high research),Public 4-year | R2 (high research),2020,0.95825,0.96566,0.96949,0.97514,92
carnegie,Public 4-year | R2 (high research),Public 4-year | R2 (high research),2021,0.99219,0.99386,0.99512,0.99734,92
carnegie,Public 4-year | R2 (high research),Public 4-year | R2 (high research),2022,0.99271,0.98771,0.98611,0.98463,91
carnegie,Public 4-year | R2 (high research),Public 4-year | R2 (high research),2023,0.96674,0.9685,0.96983,0.97218,92
carnegie,Public 4-year | R2 (high research),Public 4-year | R2 (high research),2024,0.9421,0.95869,0.96674,0.9782,92
carnegie,Public 4-year | Doctoral/professional,Public 4-year | Doctoral/professional,1998,0.74361,0.75137,0.75545,0.7616,27
carnegie,Public 4-year | Doctoral/professional,Public 4-year | Doctoral/professional,1999,0.69595,0.70195,0.7051,0.70978,29
carnegie,Public 4-year | Doctoral/professional,Public 4-year | Doctoral/professional,2000,0.74466,0.74989,0.75288,0.75752,28
carnegie,Public 4-year | Doctoral/professional,Public 4-year | Doctoral/professional,2001,0.72173,0.72811,0.73153,0.73667,29
carnegie,Public 4-year | Doctoral/professional,Public 4-year | Doctoral/professional,2002,0.72051,0.72786,0.73145,0.73655,29
carnegie,Public 4-year | Doctoral/professional,Public 4-year | Doctoral/professional,2003,0.71429,0.72571,0.73138,0.7396,28
carnegie,Public 4-year | Doctoral/professional,Public 4-year | Doctoral/professional,2004,0.68909,0.71087,0.7217,0.73738,29
carnegie,Public 4-year | Doctoral/professional,Public 4-year | Doctoral/professional,2005,0.71734,0.73858,0.74892,0.76367,29
carnegie,Public 4-year | Doctoral/professional,Public 4-year | Doctoral/professional,2006,0.73314,0.74807,0.75531,0.7656,29
carnegie,Public 4-year | Doctoral/professional,Public 4-year | Doctoral/professional,2007,0.74897,0.76176,0.76793,0.77665,29
carnegie,Public 4-year | Doctoral/professional,Public 4-year | Doctoral/professional,2008,0.7654,0.77672,0.78228,0.79024,29
carnegie,Public 4-year | Doctoral/professional,Public 4-year | Doctoral/professional,2009,0.77328,0.78649,0.79298,0.8023,29
carnegie,Public 4-year | Doctoral/professional,Public 4-year | Doctoral/professional,2010,0.77629,0.78685,0.79198,0.79928,29
carnegie,Public 4-year | Doctoral/professional,Public 4-year | Doctoral/professional,2011,0.79201,0.80193,0.80674,0.81355,29
carnegie,Public 4-year | Doctoral/professional,Public 4-year | Doctoral/professional,2012,0.80881,0.8216,0.82784,0.83672,29
carnegie,Public 4-year | Doctoral/professional,Public 4-year | Doctoral/professional,2013,0.81852,0.8299,0.83548,0.84346,29
carnegie,Public 4-year | Doctoral/professional,Public 4-year | Doctoral/professional,2014,0.83127,0.84084,0.84554,0.85226,29
carnegie,Public 4-year | Doctoral/professional,Public 4-year | Doctoral/professional,2015,0.8611,0.86625,0.86889,0.87276,28
carnegie,Public 4-year | Doctoral/professional,Public 4-year | Doctoral/professional,2016,0.86784,0.87027,0.87161,0.87368,28
carnegie,Public 4-year | Doctoral/professional,Public 4-year | Doctoral/professional,2017,0.88901,0.89041,0.89127,0.89268,28
carnegie,Public 4-year | Doctoral/professional,Public 4-year | Doctoral/professional,2018,0.914,0.91565,0.91656,0.91796,28
carnegie,Public 4-year | Doctoral/professional,Public 4-year | Doctoral/professional,2019,0.87105,0.87642,0.87909,0.88293,29
carnegie,Public 4-year | Doctoral/professional,Public 4-year | Doctoral/professional,2020,0.89328,0.89486,0.89593,0.89775,29
carnegie,Public 4-year | Doctoral/professional,Public 4-year | Doctoral/professional,2021,0.92131,0.91024,0.90554,0.89951,29
carnegie,Public 4-year | Doctoral/professional,Public 4-year | Doctoral/professional,2022,0.93536,0.91253,0.90262,0.88963,29
carnegie,Public 4-year | Doctoral/professional,Public 4-year | Doctoral/professional,2023,0.92711,0.9113,0.90476,0.89656,30
carnegie,Public 4-year | Doctoral/professional,Public 4-year | Doctoral/professional,2024,0.92064,0.92089,0.92196,0.92449,30
carnegie,Public 4-year | Master's,Public 4-year | Master's,1998,0.74339,0.75538,0.7616,0.77088,241
carnegie,Public 4-year | Master's,Public 4-year | Master's,1999,0.71596,0.72928,0.7364,0.74734,241
carnegie,Public 4-year | Master's,Public 4-year | Master's,2000,0.74607,0.76139,0.77013,0.78454,233
carnegie,Public 4-year | Master's,Public 4-year | Master's,2001,0.73504,0.75393,0.76428,0.78082,240
carnegie,Public 4-year | Master's,Public 4-year | Master's,2002,0.7413,0.76405,0.77689,0.79822,238
carnegie,Public 4-year | Master's,Public 4-year | Master's,2003,0.73788,0.76024,0.77319,0.7951,240
carnegie,Public 4-year | Master's,Public 4-year | Master's,2004,0.75295,0.77129,0.78219,0.8009,241
carnegie,Public 4-year | Master's,Public 4-year | Master's,2005,0.76346,0.77546,0.78243,0.79406,241
carnegie,Public 4-year | Master's,Public 4-year | Master's,2006,0.77687,0.78694,0.79231,0.80059,240
carnegie,Public 4-year | Master's,Public 4-year | Master's,2007,0.77301,0.78643,0.79337,0.80374,242
carnegie,Public 4-year | Master's,Public 4-year | Master's,2008,0.77444,0.79224,0.8011,0.81393,242
carnegie,Public 4-year | Master's,Public 4-year | Master's,2009,0.77636,0.79324,0.80146,0.81317,245
carnegie,Public 4-year | Master's,Public 4-year | Master's,2010,0.76872,0.78124,0.7873,0.79587,245
carnegie,Public 4-year | Master's,Public 4-year | Master's,2011,0.78515,0.79169,0.79505,0.79999,245
carnegie,Public 4-year | Master's,Public 4-year | Master's,2012,0.80714,0.80995,0.81162,0.8143,246
carnegie,Public 4-year | Master's,Public 4-year | Master's,2013,0.84498,0.8459,0.84669,0.84815,248
carnegie,Public 4-year | Master's,Public 4-year | Master's,2014,0.86289,0.86326,0.86386,0.86513,250
carnegie,Public 4-year | Master's,Public 4-year | Master's,2015,0.87687,0.8773,0.87799,0.87944,249
carnegie,Public 4-year | Master's,Public 4-year | Master's,2016,0.89624,0.89659,0.89718,0.89841,249
carnegie,Public 4-year | Master's,Public 4-year | Master's,2017,0.91405,0.91795,0.92005,0.92323,249
carnegie,Public 4-year | Master's,Public 4-year | Master's,2018,0.91856,0.92636,0.93032,0.93611,248
carnegie,Public 4-year | Master's,Public 4-year | Master's,2019,0.93711,0.94576,0.95034,0.95722,248
carnegie,Public 4-year | Master's,Public 4-year | Master's,2020,0.95157,0.95718,0.96048,0.96576,242
carnegie,Public 4-year | Master's,Public 4-year | Master's,2021,0.9916,0.98508,0.98284,0.98055,241
carnegie,Public 4-year | Master's,Public 4-year | Master's,2022,1.01375,0.99183,0.98265,0.97096,240
carnegie,Public 4-year | Master's,Public 4-year | Master's,2023,0.99151,0.97064,0.96187,0.95066,238
carnegie,Public 4-year | Master's,Public 4-year | Master's,2024,0.95287,0.9523,0.95267,0.95384,239
carnegie,Public 4-year | Baccalaureate,Public 4-year | Baccalaureate,1998,0.47589,0.47868,0.48178,0.48468,138
carnegie,Public 4-year | Baccalaureate,Public 4-year | Baccalaureate,1999,0.46612,0.46607,0.46329,0.46384,136
carnegie,Public 4-year | Baccalaureate,Public 4-year | Baccalaureate,2000,0.4893,0.48961,0.48699,0.48769,129
carnegie,Public 4-year | Baccalaureate,Public 4-year | Baccalaureate,2001,0.46915,0.47477,0.48226,0.4882,128
carnegie,Public 4-year | Baccalaureate,Public 4-year | Baccalaureate,2002,0.45559,0.46001,0.46677,0.47125,134
carnegie,Public 4-year | Baccalaureate,Public 4-year | Baccalaureate,2003,0.45531,0.45832,0.4612,0.46383,133
carnegie,Public 4-year | Baccalaureate,Public 4-year | Baccalaureate,2004,0.47339,0.47643,0.47828,0.48088,143
carnegie,Public 4-year | Baccalaureate,Public 4-year | Baccalaureate,2005,0.48455,0.48724,0.48811,0.49013,145
carnegie,Public 4-year | Baccalaureate,Public 4-year | Baccalaureate,2006,0.50503,0.50474,0.50418,0.50449,144
carnegie,Public 4-year | Baccalaureate,Public 4-year | Baccalaureate,2007,0.5047,0.5048,0.50763,0.50936,146
carnegie,Public 4-year | Baccalaureate,Public 4-year | Baccalaureate,2008,0.49319,0.49626,0.50063,0.50381,147
carnegie,Public 4-year | Baccalaureate,Public 4-year | Baccalaureate,2009,0.49401,0.49935,0.50283,0.50684,147
carnegie,Public 4-year | Baccalaureate,Public 4-year | Baccalaureate,2010,0.47748,0.48529,0.49257,0.49876,148
carnegie,Public 4-year | Baccalaureate,Public 4-year | Baccalaureate,2011,0.50998,0.51478,0.51753,0.52097,148
carnegie,Public 4-year | Baccalaureate,Public 4-year | Baccalaureate,2012,0.55463,0.55511,0.55426,0.55483,148
carnegie,Public 4-year | Baccalaureate,Public 4-year | Baccalaureate,2013,0.58066,0.57818,0.5743,0.57302,147
carnegie,Public 4-year | Baccalaureate,Public 4-year | Baccalaureate,2014,0.60006,0.59533,0.59268,0.59025,146
carnegie,Public 4-year | Baccalaureate,Public 4-year | Baccalaureate,2015,0.61879,0.614,0.61062,0.60795,151
carnegie,Public 4-year | Baccalaureate,Public 4-year | Baccalaureate,2016,0.64006,0.63587,0.63202,0.62936,150
carnegie,Public 4-year | Baccalaureate,Public 4-year | Baccalaureate,2017,0.65919,0.65684,0.65328,0.6518,151
carnegie,Public 4-year | Baccalaureate,Public 4-year | Baccalaureate,2018,0.67708,0.67804,0.67993,0.68141,151
carnegie,Public 4-year | Baccalaureate,Public 4-year | Baccalaureate,2019,0.70061,0.70241,0.70438,0.70673,151
carnegie,Public 4-year | Baccalaureate,Public 4-year | Baccalaureate,2020,0.70508,0.70324,0.70188,0.70125,133
carnegie,Public 4-year | Baccalaureate,Public 4-year | Baccalaureate,2021,0.7573,0.74752,0.73391,0.72645,131
carnegie,Public 4-year | Baccalaureate,Public 4-year | Baccalaureate,2022,0.76354,0.75311,0.74582,0.73979,147
carnegie,Public 4-year | Baccalaureate,Public 4-year | Baccalaureate,2023,0.7291,0.72109,0.71974,0.71621,148
carnegie,Public 4-year | Baccalaureate,Public 4-year | Baccalaureate,2024,0.70193,0.69954,0.70293,0.70325,147
carnegie,Public 4-year | Associate,Public 4-year | Associate,1998,0.2201,0.21873,0.21594,0.21501,158
carnegie,Public 4-year | Associate,Public 4-year | Associate,1999,0.20815,0.20431,0.19649,0.1938,165
carnegie,Public 4-year | Associate,Public 4-year | Associate,2000,0.23129,0.23029,0.23017,0.23124,164
carnegie,Public 4-year | Associate,Public 4-year | Associate,2001,0.22316,0.2242,0.22837,0.23097,162
carnegie,Public 4-year | Associate,Public 4-year | Associate,2002,0.21142,0.21237,0.21535,0.21694,169
carnegie,Public 4-year | Associate,Public 4-year | Associate,2003,0.21679,0.21739,0.21929,0.22029,180
carnegie,Public 4-year | Associate,Public 4-year | Associate,2004,0.22915,0.22953,0.23084,0.2316,170
carnegie,Public 4-year | Associate,Public 4-year | Associate,2005,0.23727,0.23753,0.23871,0.23947,171
carnegie,Public 4-year | Associate,Public 4-year | Associate,2006,0.23646,0.23689,0.23827,0.23899,168
carnegie,Public 4-year | Associate,Public 4-year | Associate,2007,0.23695,0.23802,0.24109,0.24261,168
carnegie,Public 4-year | Associate,Public 4-year | Associate,2008,0.23159,0.23233,0.23461,0.23579,173
carnegie,Public 4-year | Associate,Public 4-year | Associate,2009,0.21995,0.2231,0.23213,0.23661,175
carnegie,Public 4-year | Associate,Public 4-year | Associate,2010,0.21943,0.2221,0.2293,0.23265,177
carnegie,Public 4-year | Associate,Public 4-year | Associate,2011,0.22951,0.23028,0.23244,0.23349,176
carnegie,Public 4-year | Associate,Public 4-year | Associate,2012,0.27017,0.27046,0.27156,0.27221,176
carnegie,Public 4-year | Associate,Public 4-year | Associate,2013,0.28565,0.28436,0.28123,0.27991,174
carnegie,Public 4-year | Associate,Public 4-year | Associate,2014,0.30246,0.30171,0.29994,0.29922,177
carnegie,Public 4-year | Associate,Public 4-year | Associate,2015,0.32478,0.32429,0.32318,0.32274,177
carnegie,Public 4-year | Associate,Public 4-year | Associate,2016,0.3508,0.35016,0.34889,0.34851,176
carnegie,Public 4-year | Associate,Public 4-year | Associate,2017,0.36592,0.3663,0.36743,0.36801,175
carnegie,Public 4-year | Associate,Public 4-year | Associate,2018,0.38395,0.38417,0.38488,0.38527,174
carnegie,Public 4-year | Associate,Public 4-year | Associate,2019,0.40729,0.40644,0.40438,0.40352,172
carnegie,Public 4-year | Associate,Public 4-year | Associate,2020,0.40518,0.40565,0.40704,0.40774,171
carnegie,Public 4-year | Associate,Public 4-year | Associate,2021,0.45654,0.4533,0.4478,0.44688,170
carnegie,Public 4-year | Associate,Public 4-year | Associate,2022,0.47337,0.47158,0.46772,0.46642,169
carnegie,Public 4-year | Associate,Public 4-year | Associate,2023,0.44095,0.44407,0.45247,0.45638,166
carnegie,Public 4-year | Associate,Public 4-year | Associate,2024,0.43649,0.43889,0.44541,0.44848,166
carnegie,Public 4-year | Special focus / other,Public 4-year | Special focus / other,1998,1.02621,0.99357,0.98215,0.96935,38
carnegie,Public 4-year | Special focus / other,Public 4-year | Special focus / other,1999,1.07931,1.05136,1.04203,1.03199,38
carnegie,Public 4-year | Special focus / other,Public 4-year | Special focus / other,2000,1.17785,1.17727,1.17803,1.18029,28
carnegie,Public 4-year | Special focus / other,Public 4-year | Special focus / other,2001,1.13075,1.14143,1.14791,1.15847,29
carnegie,Public 4-year | Special focus / other,Public 4-year | Special focus / other,2002,1.04691,1.07584,1.09268,1.11964,37
carnegie,Public 4-year | Special focus / other,Public 4-year | Special focus / other,2003,1.0905,1.1013,1.10736,1.11697,35
carnegie,Public 4-year | Special focus / other,Public 4-year | Special focus / other,2004,1.03705,1.03662,1.03656,1.03726,40
carnegie,Public 4-year | Special focus / other,Public 4-year | Special focus / other,2005,1.15365,1.13793,1.13191,1.12473,37
carnegie,Public 4-year | Special focus / other,Public 4-year | Special focus / other,2006,1.21966,1.2031,1.19683,1.1894,39
carnegie,Public 4-year | Special focus / other,Public 4-year | Special focus / other,2007,1.10369,1.11478,1.12055,1.12918,37
carnegie,Public 4-year | Special focus / other,Public 4-year | Special focus / other,2008,1.14559,1.17653,1.19441,1.22334,40
carnegie,Public 4-year | Special focus / other,Public 4-year | Special focus / other,2009,1.09298,1.12665,1.14703,1.18127,42
carnegie,Public 4-year | Special focus / other,Public 4-year | Special focus / other,2010,1.16148,1.18225,1.19418,1.213,41
carnegie,Public 4-year | Special focus / other,Public 4-year | Special focus / other,2011,1.12763,1.1247,1.12441,1.12478,43
carnegie,Public 4-year | Special focus / other,Public 4-year | Special focus / other,2012,1.22336,1.19576,1.18659,1.1768,40
carnegie,Public 4-year | Special focus / other,Public 4-year | Special focus / other,2013,1.23243,1.23021,1.22946,1.2287,41
carnegie,Public 4-year | Special focus / other,Public 4-year | Special focus / other,2014,1.15811,1.16211,1.16487,1.16966,38
carnegie,Public 4-year | Special focus / other,Public 4-year | Special focus / other,2015,1.1709,1.17494,1.17747,1.18168,40
carnegie,Public 4-year | Special focus / other,Public 4-year | Special focus / other,2016,1.25717,1.25201,1.25001,1.24764,39
carnegie,Public 4-year | Special focus / other,Public 4-year | Special focus / other,2017,1.2281,1.22041,1.21723,1.21323,38
carnegie,Public 4-year | Special focus / other,Public 4-year | Special focus / other,2018,1.21752,1.21345,1.21199,1.21036,42
carnegie,Public 4-year | Special focus / other,Public 4-year | Special focus / other,2019,1.25622,1.25729,1.25813,1.25966,41
carnegie,Public 4-year | Special focus / other,Public 4-year | Special focus / other,2020,1.22237,1.22606,1.22843,1.23239,43
carnegie,Public 4-year | Special focus / other,Public 4-year | Special focus / other,2021,1.24067,1.23373,1.23097,1.22762,42
carnegie,Public 4-year | Special focus / other,Public 4-year | Special focus / other,2022,1.25134,1.24036,1.23579,1.23,42
carnegie,Public 4-year | Special focus / other,Public 4-year | Special focus / other,2023,1.22111,1.21553,1.21326,1.21044,44
carnegie,Public 4-year | Special focus / other,Public 4-year | Special focus / other,2024,1.20854,1.21436,1.21736,1.2218,45
carnegie,Private nonprofit 4-year | R1 (very high research),Private nonprofit 4-year | R1 (very high research),1998,0.88904,0.90058,0.90305,0.90936,39
carnegie,Private nonprofit 4-year | R1 (very high research),Private nonprofit 4-year | R1 (very high research),1999,0.85348,0.86719,0.87017,0.87784,39
carnegie,Private nonprofit 4-year | R1 (very high research),Private nonprofit 4-year | R1 (very high research),2000,0.87648,0.89284,0.89637,0.9054,36
carnegie,Private nonprofit 4-year | R1 (very high research),Private nonprofit 4-year | R1 (very high research),2001,0.86109,0.87842,0.88211,0.89147,35
carnegie,Private nonprofit 4-year | R1 (very high research),Private nonprofit 4-year | R1 (very high research),2002,0.87543,0.88776,0.89039,0.89707,35
carnegie,Private nonprofit 4-year | R1 (very high research),Private nonprofit 4-year | R1 (very high research),2003,0.89975,0.90384,0.90474,0.90705,36
carnegie,Private nonprofit 4-year | R1 (very high research),Private nonprofit 4-year | R1 (very high research),2004,0.90767,0.91449,0.91595,0.91968,37
carnegie,Private nonprofit 4-year | R1 (very high research),Private nonprofit 4-year | R1 (very high research),2005,0.89606,0.90786,0.91044,0.91709,37
carnegie,Private nonprofit 4-year | R1 (very high research),Private nonprofit 4-year | R1 (very high research),2006,0.88908,0.90488,0.9083,0.91709,37
carnegie,Private nonprofit 4-year | R1 (very high research),Private nonprofit 4-year | R1 (very high research),2007,0.9023,0.91112,0.91305,0.91806,39
carnegie,Private nonprofit 4-year | R1 (very high research),Private nonprofit 4-year | R1 (very high research),2008,0.90508,0.90985,0.9109,0.91363,39
carnegie,Private nonprofit 4-year | R1 (very high research),Private nonprofit 4-year | R1 (very high research),2009,0.88999,0.89302,0.89367,0.89532,39
carnegie,Private nonprofit 4-year | R1 (very high research),Private nonprofit 4-year | R1 (very high research),2010,0.8955,0.90086,0.90201,0.90493,39
carnegie,Private nonprofit 4-year | R1 (very high research),Private nonprofit 4-year | R1 (very high research),2011,0.88425,0.89475,0.89698,0.90262,39
carnegie,Private nonprofit 4-year | R1 (very high research),Private nonprofit 4-year | R1 (very high research),2012,0.88453,0.89511,0.89734,0.903,39
carnegie,Private nonprofit 4-year | R1 (very high research),Private nonprofit 4-year | R1 (very high research),2013,0.89028,0.89823,0.89992,0.90421,39
carnegie,Private nonprofit 4-year | R1 (very high research),Private nonprofit 4-year | R1 (very high research),2014,0.89979,0.90492,0.90602,0.90883,39
carnegie,Private nonprofit 4-year | R1 (very high research),Private nonprofit 4-year | R1 (very high research),2015,0.9015,0.90768,0.90899,0.91234,39
carnegie,Private nonprofit 4-year | R1 (very high research),Private nonprofit 4-year | R1 (very high research),2016,0.92444,0.93029,0.93155,0.93477,39
carnegie,Private nonprofit 4-year | R1 (very high research),Private nonprofit 4-year | R1 (very high research),2017,0.92271,0.92559,0.92625,0.92801,39
carnegie,Private nonprofit 4-year | R1 (very high research),Private nonprofit 4-year | R1 (very high research),2018,0.92272,0.92854,0.9298,0.93304,39
carnegie,Private nonprofit 4-year | R1 (very high research),Private nonprofit 4-year | R1 (very high research),2019,0.90103,0.91161,0.91386,0.91957,39
carnegie,Private nonprofit 4-year | R1 (very high research),Private nonprofit 4-year | R1 (very high research),2020,0.91492,0.92362,0.92547,0.93019,39
carnegie,Private nonprofit 4-year | R1 (very high research),Private nonprofit 4-year | R1 (very high research),2021,0.92714,0.9243,0.92375,0.92241,39
carnegie,Private nonprofit 4-year | R1 (very high research),Private nonprofit 4-year | R1 (very high research),2022,0.9089,0.91548,0.91695,0.9208,39
carnegie,Private nonprofit 4-year | R1 (very high research),Private nonprofit 4-year | R1 (very high research),2023,0.90575,0.92248,0.92602,0.93501,39
carnegie,Private nonprofit 4-year | R1 (very high research),Private nonprofit 4-year | R1 (very high research),2024,0.92017,0.92943,0.93141,0.93645,39
carnegie,Private nonprofit 4-year | R2 (high research),Private nonprofit 4-year | R2 (high research),1998,0.85315,0.86742,0.87058,0.87879,39
carnegie,Private nonprofit 4-year | R2 (high research),Private nonprofit 4-year | R2 (high research),1999,0.8595,0.88983,0.89645,0.91352,38
carnegie,Private nonprofit 4-year | R2 (high research),Private nonprofit 4-year | R2 (high research),2000,0.85087,0.88361,0.89067,0.90878,37
carnegie,Private nonprofit 4-year | R2 (high research),Private nonprofit 4-year | R2 (high research),2001,0.83209,0.84543,0.84844,0.85639,38
carnegie,Private nonprofit 4-year | R2 (high research),Private nonprofit 4-year | R2 (high research),2002,0.82882,0.84581,0.84951,0.85905,37
carnegie,Private nonprofit 4-year | R2 (high research),Private nonprofit 4-year | R2 (high research),2003,0.85539,0.86977,0.87288,0.88087,39
carnegie,Private nonprofit 4-year | R2 (high research),Private nonprofit 4-year | R2 (high research),2004,0.84721,0.86829,0.87284,0.88452,39
carnegie,Private nonprofit 4-year | R2 (high research),Private nonprofit 4-year | R2 (high research),2005,0.85357,0.87107,0.87485,0.88458,39
carnegie,Private nonprofit 4-year | R2 (high research),Private nonprofit 4-year | R2 (high research),2006,0.88826,0.90096,0.90373,0.91087,39
carnegie,Private nonprofit 4-year | R2 (high research),Private nonprofit 4-year | R2 (high research),2007,0.8711,0.88351,0.8862,0.89314,39
carnegie,Private nonprofit 4-year | R2 (high research),Private nonprofit 4-year | R2 (high research),2008,0.86318,0.87434,0.87675,0.88292,39
carnegie,Private nonprofit 4-year | R2 (high research),Private nonprofit 4-year | R2 (high research),2009,0.86566,0.88033,0.8835,0.89164,39
carnegie,Private nonprofit 4-year | R2 (high research),Private nonprofit 4-year | R2 (high research),2010,0.85159,0.86665,0.86987,0.87807,39
carnegie,Private nonprofit 4-year | R2 (high research),Private nonprofit 4-year | R2 (high research),2011,0.85239,0.86631,0.86931,0.877,39
carnegie,Private nonprofit 4-year | R2 (high research),Private nonprofit 4-year | R2 (high research),2012,0.88444,0.89815,0.90112,0.90872,39
carnegie,Private nonprofit 4-year | R2 (high research),Private nonprofit 4-year | R2 (high research),2013,0.88639,0.89883,0.9015,0.90829,39
carnegie,Private nonprofit 4-year | R2 (high research),Private nonprofit 4-year | R2 (high research),2014,0.89734,0.90517,0.90685,0.91114,38
carnegie,Private nonprofit 4-year | R2 (high research),Private nonprofit 4-year | R2 (high research),2015,0.91261,0.91204,0.91209,0.91248,38
carnegie,Private nonprofit 4-year | R2 (high research),Private nonprofit 4-year | R2 (high research),2016,0.90587,0.9077,0.90824,0.90982,38
carnegie,Private nonprofit 4-year | R2 (high research),Private nonprofit 4-year | R2 (high research),2017,0.90883,0.91635,0.918,0.9223,38
carnegie,Private nonprofit 4-year | R2 (high research),Private nonprofit 4-year | R2 (high research),2018,0.91163,0.9286,0.93225,0.9416,38
carnegie,Private nonprofit 4-year | R2 (high research),Private nonprofit 4-year | R2 (high research),2019,0.91542,0.94178,0.94748,0.96214,38
carnegie,Private nonprofit 4-year | R2 (high research),Private nonprofit 4-year | R2 (high research),2020,0.90976,0.93633,0.94225,0.95773,38
carnegie,Private nonprofit 4-year | R2 (high research),Private nonprofit 4-year | R2 (high research),2021,0.93532,0.94964,0.95304,0.96221,38
carnegie,Private nonprofit 4-year | R2 (high research),Private nonprofit 4-year | R2 (high research),2022,0.91662,0.92215,0.92356,0.92747,38
carnegie,Private nonprofit 4-year | R2 (high research),Private nonprofit 4-year | R2 (high research),2023,0.90401,0.91695,0.91983,0.92731,38
carnegie,Private nonprofit 4-year | R2 (high research),Private nonprofit 4-year | R2 (high research),2024,0.87885,0.89534,0.8989,0.90803,38
carnegie,Private nonprofit 4-year | Doctoral/professional,Private nonprofit 4-year | Doctoral/professional,1998,0.84808,0.85538,0.85735,0.86372,131
carnegie,Private nonprofit 4-year | Doctoral/professional,Private nonprofit 4-year | Doctoral/professional,1999,0.83717,0.85101,0.85433,0.86333,133
carnegie,Private nonprofit 4-year | Doctoral/professional,Private nonprofit 4-year | Doctoral/professional,2000,0.8827,0.89997,0.90478,0.91709,122
carnegie,Private nonprofit 4-year | Doctoral/professional,Private nonprofit 4-year | Doctoral/professional,2001,0.87142,0.89522,0.90075,0.91573,127
carnegie,Private nonprofit 4-year | Doctoral/professional,Private nonprofit 4-year | Doctoral/professional,2002,0.85775,0.87982,0.88486,0.89816,132
carnegie,Private nonprofit 4-year | Doctoral/professional,Private nonprofit 4-year | Doctoral/professional,2003,0.86896,0.88687,0.89045,0.90096,132
carnegie,Private nonprofit 4-year | Doctoral/professional,Private nonprofit 4-year | Doctoral/professional,2004,0.85949,0.88017,0.88507,0.89842,137
carnegie,Private nonprofit 4-year | Doctoral/professional,Private nonprofit 4-year | Doctoral/professional,2005,0.87825,0.89875,0.90363,0.91681,136
carnegie,Private nonprofit 4-year | Doctoral/professional,Private nonprofit 4-year | Doctoral/professional,2006,0.85524,0.87914,0.88485,0.90033,133
carnegie,Private nonprofit 4-year | Doctoral/professional,Private nonprofit 4-year | Doctoral/professional,2007,0.87716,0.89744,0.90244,0.91627,137
carnegie,Private nonprofit 4-year | Doctoral/professional,Private nonprofit 4-year | Doctoral/professional,2008,0.87209,0.88897,0.8931,0.90446,137
carnegie,Private nonprofit 4-year | Doctoral/professional,Private nonprofit 4-year | Doctoral/professional,2009,0.88235,0.89508,0.89816,0.90646,139
carnegie,Private nonprofit 4-year | Doctoral/professional,Private nonprofit 4-year | Doctoral/professional,2010,0.86983,0.878,0.88037,0.88715,139
carnegie,Private nonprofit 4-year | Doctoral/professional,Private nonprofit 4-year | Doctoral/professional,2011,0.84907,0.85993,0.86263,0.87003,138
carnegie,Private nonprofit 4-year | Doctoral/professional,Private nonprofit 4-year | Doctoral/professional,2012,0.85763,0.87021,0.87328,0.88171,139
carnegie,Private nonprofit 4-year | Doctoral/professional,Private nonprofit 4-year | Doctoral/professional,2013,0.86911,0.88324,0.88691,0.89744,140
carnegie,Private nonprofit 4-year | Doctoral/professional,Private nonprofit 4-year | Doctoral/professional,2014,0.87374,0.88362,0.88609,0.89296,140
carnegie,Private nonprofit 4-year | Doctoral/professional,Private nonprofit 4-year | Doctoral/professional,2015,0.88589,0.88796,0.88861,0.89056,141
carnegie,Private nonprofit 4-year | Doctoral/professional,Private nonprofit 4-year | Doctoral/professional,2016,0.91096,0.91507,0.9162,0.91946,141
carnegie,Private nonprofit 4-year | Doctoral/professional,Private nonprofit 4-year | Doctoral/professional,2017,0.91074,0.92012,0.92273,0.93021,140
carnegie,Private nonprofit 4-year | Doctoral/professional,Private nonprofit 4-year | Doctoral/professional,2018,0.91059,0.93178,0.93752,0.95502,141
carnegie,Private nonprofit 4-year | Doctoral/professional,Private nonprofit 4-year | Doctoral/professional,2019,0.91268,0.93258,0.93779,0.95204,141
carnegie,Private nonprofit 4-year | Doctoral/professional,Private nonprofit 4-year | Doctoral/professional,2020,0.90914,0.91554,0.91785,0.92328,141
carnegie,Private nonprofit 4-year | Doctoral/professional,Private nonprofit 4-year | Doctoral/professional,2021,0.9587,0.94425,0.94251,0.9379,138
carnegie,Private nonprofit 4-year | Doctoral/professional,Private nonprofit 4-year | Doctoral/professional,2022,0.95065,0.92862,0.92504,0.91632,138
carnegie,Private nonprofit 4-year | Doctoral/professional,Private nonprofit 4-year | Doctoral/professional,2023,0.90427,0.89292,0.89098,0.88671,137
carnegie,Private nonprofit 4-year | Doctoral/professional,Private nonprofit 4-year | Doctoral/professional,2024,0.88152,0.8869,0.88824,0.89193,136
carnegie,Private nonprofit 4-year | Master's,Private nonprofit 4-year | Master's,1998,0.81898,0.8377,0.84228,0.85485,377
carnegie,Private nonprofit 4-year | Master's,Private nonprofit 4-year | Master's,1999,0.79801,0.81334,0.81735,0.82862,371
carnegie,Private nonprofit 4-year | Master's,Private nonprofit 4-year | Master's,2000,0.8667,0.88273,0.88703,0.89924,348
carnegie,Private nonprofit 4-year | Master's,Private nonprofit 4-year | Master's,2001,0.84097,0.86555,0.87154,0.88803,342
carnegie,Private nonprofit 4-year | Master's,Private nonprofit 4-year | Master's,2002,0.8444,0.8682,0.87395,0.88971,360
carnegie,Private nonprofit 4-year | Master's,Private nonprofit 4-year | Master's,2003,0.85604,0.86615,0.86904,0.87741,377
carnegie,Private nonprofit 4-year | Master's,Private nonprofit 4-year | Master's,2004,0.8595,0.86531,0.86791,0.87627,380
carnegie,Private nonprofit 4-year | Master's,Private nonprofit 4-year | Master's,2005,0.85649,0.87054,0.87449,0.88587,383
carnegie,Private nonprofit 4-year | Master's,Private nonprofit 4-year | Master's,2006,0.86325,0.88877,0.89522,0.91358,378
carnegie,Private nonprofit 4-year | Master's,Private nonprofit 4-year | Master's,2007,0.8673,0.89565,0.90336,0.92646,389
carnegie,Private nonprofit 4-year | Master's,Private nonprofit 4-year | Master's,2008,0.86816,0.8865,0.89118,0.90442,389
carnegie,Private nonprofit 4-year | Master's,Private nonprofit 4-year | Master's,2009,0.87398,0.89012,0.89394,0.90429,386
carnegie,Private nonprofit 4-year | Master's,Private nonprofit 4-year | Master's,2010,0.84852,0.86418,0.86788,0.87783,382
carnegie,Private nonprofit 4-year | Master's,Private nonprofit 4-year | Master's,2011,0.84538,0.86457,0.86918,0.88179,386
carnegie,Private nonprofit 4-year | Master's,Private nonprofit 4-year | Master's,2012,0.86553,0.88859,0.89464,0.91213,385
carnegie,Private nonprofit 4-year | Master's,Private nonprofit 4-year | Master's,2013,0.88499,0.90634,0.9123,0.93006,385
carnegie,Private nonprofit 4-year | Master's,Private nonprofit 4-year | Master's,2014,0.88127,0.88435,0.88549,0.88908,389
carnegie,Private nonprofit 4-year | Master's,Private nonprofit 4-year | Master's,2015,0.90135,0.89065,0.88891,0.88519,383
carnegie,Private nonprofit 4-year | Master's,Private nonprofit 4-year | Master's,2016,0.91833,0.91435,0.9143,0.91528,389
carnegie,Private nonprofit 4-year | Master's,Private nonprofit 4-year | Master's,2017,0.93708,0.94022,0.94197,0.9481,390
carnegie,Private nonprofit 4-year | Master's,Private nonprofit 4-year | Master's,2018,0.92899,0.93295,0.93469,0.94053,380
carnegie,Private nonprofit 4-year | Master's,Private nonprofit 4-year | Master's,2019,0.93208,0.93228,0.93304,0.93613,378
carnegie,Private nonprofit 4-year | Master's,Private nonprofit 4-year | Master's,2020,0.91892,0.91779,0.91872,0.92282,377
carnegie,Private nonprofit 4-year | Master's,Private nonprofit 4-year | Master's,2021,0.94737,0.93968,0.9391,0.93928,374
carnegie,Private nonprofit 4-year | Master's,Private nonprofit 4-year | Master's,2022,0.94426,0.9343,0.93323,0.93219,367
carnegie,Private nonprofit 4-year | Master's,Private nonprofit 4-year | Master's,2023,0.91661,0.91617,0.91712,0.92128,363
carnegie,Private nonprofit 4-year | Master's,Private nonprofit 4-year | Master's,2024,0.87619,0.89184,0.89652,0.91125,355
carnegie,Private nonprofit 4-year | Baccalaureate,Private nonprofit 4-year | Baccalaureate,1998,0.74831,0.75219,0.75334,0.75677,434
carnegie,Private nonprofit 4-year | Baccalaureate,Private nonprofit 4-year | Baccalaureate,1999,0.76522,0.77466,0.77698,0.78332,429
carnegie,Private nonprofit 4-year | Baccalaureate,Private nonprofit 4-year | Baccalaureate,2000,0.77482,0.78488,0.78729,0.79378,358
carnegie,Private nonprofit 4-year | Baccalaureate,Private nonprofit 4-year | Baccalaureate,2001,0.75376,0.76269,0.76489,0.77097,368
carnegie,Private nonprofit 4-year | Baccalaureate,Private nonprofit 4-year | Baccalaureate,2002,0.76471,0.77086,0.77256,0.77753,406
carnegie,Private nonprofit 4-year | Baccalaureate,Private nonprofit 4-year | Baccalaureate,2003,0.77311,0.77904,0.78078,0.78598,413
carnegie,Private nonprofit 4-year | Baccalaureate,Private nonprofit 4-year | Baccalaureate,2004,0.79013,0.79549,0.79692,0.801,439
carnegie,Private nonprofit 4-year | Baccalaureate,Private nonprofit 4-year | Baccalaureate,2005,0.77607,0.78364,0.78547,0.79048,451
carnegie,Private nonprofit 4-year | Baccalaureate,Private nonprofit 4-year | Baccalaureate,2006,0.79443,0.80086,0.80246,0.80682,437
carnegie,Private nonprofit 4-year | Baccalaureate,Private nonprofit 4-year | Baccalaureate,2007,0.78675,0.7908,0.79192,0.79506,449
carnegie,Private nonprofit 4-year | Baccalaureate,Private nonprofit 4-year | Baccalaureate,2008,0.78197,0.78601,0.78708,0.79006,457
carnegie,Private nonprofit 4-year | Baccalaureate,Private nonprofit 4-year | Baccalaureate,2009,0.77067,0.77697,0.77855,0.78288,457
carnegie,Private nonprofit 4-year | Baccalaureate,Private nonprofit 4-year | Baccalaureate,2010,0.7599,0.76849,0.77058,0.77629,459
carnegie,Private nonprofit 4-year | Baccalaureate,Private nonprofit 4-year | Baccalaureate,2011,0.76464,0.77223,0.77407,0.77905,458
carnegie,Private nonprofit 4-year | Baccalaureate,Private nonprofit 4-year | Baccalaureate,2012,0.77381,0.77775,0.77886,0.78201,457
carnegie,Private nonprofit 4-year | Baccalaureate,Private nonprofit 4-year | Baccalaureate,2013,0.7852,0.78485,0.78511,0.78617,456
carnegie,Private nonprofit 4-year | Baccalaureate,Private nonprofit 4-year | Baccalaureate,2014,0.79175,0.78793,0.78745,0.7867,458
carnegie,Private nonprofit 4-year | Baccalaureate,Private nonprofit 4-year | Baccalaureate,2015,0.80207,0.79842,0.79796,0.7972,452
carnegie,Private nonprofit 4-year | Baccalaureate,Private nonprofit 4-year | Baccalaureate,2016,0.80253,0.79598,0.79531,0.79436,452
carnegie,Private nonprofit 4-year | Baccalaureate,Private nonprofit 4-year | Baccalaureate,2017,0.80632,0.80733,0.80786,0.80972,446
carnegie,Private nonprofit 4-year | Baccalaureate,Private nonprofit 4-year | Baccalaureate,2018,0.80073,0.80485,0.80616,0.81022,445
carnegie,Private nonprofit 4-year | Baccalaureate,Private nonprofit 4-year | Baccalaureate,2019,0.80453,0.80798,0.809,0.81205,447
carnegie,Private nonprofit 4-year | Baccalaureate,Private nonprofit 4-year | Baccalaureate,2020,0.80923,0.80766,0.80764,0.80807,441
carnegie,Private nonprofit 4-year | Baccalaureate,Private nonprofit 4-year | Baccalaureate,2021,0.81582,0.8018,0.79936,0.79394,429
carnegie,Private nonprofit 4-year | Baccalaureate,Private nonprofit 4-year | Baccalaureate,2022,0.82886,0.81045,0.80711,0.79945,423
carnegie,Private nonprofit 4-year | Baccalaureate,Private nonprofit 4-year | Baccalaureate,2023,0.81209,0.80044,0.79841,0.79389,414
carnegie,Private nonprofit 4-year | Baccalaureate,Private nonprofit 4-year | Baccalaureate,2024,0.78803,0.78649,0.78648,0.78695,404
carnegie,Private nonprofit 4-year | Associate,Private nonprofit 4-year | Associate,1998,0.47215,0.44075,0.43486,0.42094,13
carnegie,Private nonprofit 4-year | Associate,Private nonprofit 4-year | Associate,1999,0.43862,0.40972,0.40427,0.39135,12
carnegie,Private nonprofit 4-year | Associate,Private nonprofit 4-year | Associate,2000,0.49254,0.51036,0.5149,0.52761,12
carnegie,Private nonprofit 4-year | Associate,Private nonprofit 4-year | Associate,2001,0.39515,0.38719,0.38624,0.38497,11
carnegie,Private nonprofit 4-year | Associate,Private nonprofit 4-year | Associate,2002,0.32408,0.35481,0.36224,0.38262,14
carnegie,Private nonprofit 4-year | Associate,Private nonprofit 4-year | Associate,2003,0.29018,0.30807,0.312,0.3222,14
carnegie,Private nonprofit 4-year | Associate,Private nonprofit 4-year | Associate,2004,0.43553,0.45652,0.46171,0.47605,12
carnegie,Private nonprofit 4-year | Associate,Private nonprofit 4-year | Associate,2005,0.40894,0.42033,0.42309,0.43062,13
carnegie,Private nonprofit 4-year | Associate,Private nonprofit 4-year | Associate,2006,0.42427,0.41694,0.41561,0.41254,14
carnegie,Private nonprofit 4-year | Associate,Private nonprofit 4-year | Associate,2007,0.28308,0.27601,0.27477,0.27203,14
carnegie,Private nonprofit 4-year | Associate,Private nonprofit 4-year | Associate,2008,0.32962,0.327,0.32709,0.32843,13
carnegie,Private nonprofit 4-year | Associate,Private nonprofit 4-year | Associate,2009,0.35743,0.36117,0.36256,0.36716,15
carnegie,Private nonprofit 4-year | Associate,Private nonprofit 4-year | Associate,2010,0.33841,0.35423,0.35791,0.36778,15
carnegie,Private nonprofit 4-year | Associate,Private nonprofit 4-year | Associate,2011,0.29568,0.31712,0.32206,0.33516,16
carnegie,Private nonprofit 4-year | Associate,Private nonprofit 4-year | Associate,2012,0.30299,0.3301,0.3364,0.35329,17
carnegie,Private nonprofit 4-year | Associate,Private nonprofit 4-year | Associate,2013,0.26898,0.28301,0.28631,0.29524,19
carnegie,Private nonprofit 4-year | Associate,Private nonprofit 4-year | Associate,2014,0.32711,0.32656,0.32684,0.32814,18
carnegie,Private nonprofit 4-year | Associate,Private nonprofit 4-year | Associate,2015,0.37486,0.35172,0.34752,0.33773,20
carnegie,Private nonprofit 4-year | Associate,Private nonprofit 4-year | Associate,2016,0.40255,0.37778,0.37303,0.36161,18
carnegie,Private nonprofit 4-year | Associate,Private nonprofit 4-year | Associate,2017,0.42329,0.39247,0.38685,0.37375,21
carnegie,Private nonprofit 4-year | Associate,Private nonprofit 4-year | Associate,2018,0.43091,0.41408,0.41094,0.40361,24
carnegie,Private nonprofit 4-year | Associate,Private nonprofit 4-year | Associate,2019,0.45518,0.45632,0.45722,0.46059,24
carnegie,Private nonprofit 4-year | Associate,Private nonprofit 4-year | Associate,2020,0.47036,0.48088,0.48368,0.49182,27
carnegie,Private nonprofit 4-year | Associate,Private nonprofit 4-year | Associate,2021,0.47836,0.47749,0.47747,0.47767,26
carnegie,Private nonprofit 4-year | Associate,Private nonprofit 4-year | Associate,2022,0.49597,0.48182,0.47983,0.47619,25
carnegie,Private nonprofit 4-year | Associate,Private nonprofit 4-year | Associate,2023,0.46391,0.46634,0.46875,0.4778,30
carnegie,Private nonprofit 4-year | Associate,Private nonprofit 4-year | Associate,2024,0.46873,0.50842,0.52092,0.56054,26
carnegie,Private nonprofit 4-year | Special focus / other,Private nonprofit 4-year | Special focus / other,1998,0.76436,0.79078,0.79831,0.82131,233
carnegie,Private nonprofit 4-year | Special focus / other,Private nonprofit 4-year | Special focus / other,1999,0.72561,0.72575,0.7287,0.74009,235
carnegie,Private nonprofit 4-year | Special focus / other,Private nonprofit 4-year | Special focus / other,2000,0.78225,0.78927,0.7933,0.80765,186
carnegie,Private nonprofit 4-year | Special focus / other,Private nonprofit 4-year | Special focus / other,2001,0.74941,0.77047,0.77603,0.79232,211
carnegie,Private nonprofit 4-year | Special focus / other,Private nonprofit 4-year | Special focus / other,2002,0.74067,0.7909,0.80574,0.85138,234
carnegie,Private nonprofit 4-year | Special focus / other,Private nonprofit 4-year | Special focus / other,2003,0.68315,0.6929,0.69659,0.70666,240
carnegie,Private nonprofit 4-year | Special focus / other,Private nonprofit 4-year | Special focus / other,2004,0.71548,0.71659,0.7182,0.72383,255
carnegie,Private nonprofit 4-year | Special focus / other,Private nonprofit 4-year | Special focus / other,2005,0.73487,0.73953,0.74188,0.74979,264
carnegie,Private nonprofit 4-year | Special focus / other,Private nonprofit 4-year | Special focus / other,2006,0.72765,0.73358,0.7362,0.74519,256
carnegie,Private nonprofit 4-year | Special focus / other,Private nonprofit 4-year | Special focus / other,2007,0.74058,0.7481,0.75179,0.76565,278
carnegie,Private nonprofit 4-year | Special focus / other,Private nonprofit 4-year | Special focus / other,2008,0.76553,0.78225,0.78735,0.80333,279
carnegie,Private nonprofit 4-year | Special focus / other,Private nonprofit 4-year | Special focus / other,2009,0.75118,0.75611,0.758,0.7643,280
carnegie,Private nonprofit 4-year | Special focus / other,Private nonprofit 4-year | Special focus / other,2010,0.77164,0.76691,0.7671,0.76927,276
carnegie,Private nonprofit 4-year | Special focus / other,Private nonprofit 4-year | Special focus / other,2011,0.7584,0.75746,0.75865,0.76316,280
carnegie,Private nonprofit 4-year | Special focus / other,Private nonprofit 4-year | Special focus / other,2012,0.7924,0.787,0.78716,0.78886,289
carnegie,Private nonprofit 4-year | Special focus / other,Private nonprofit 4-year | Special focus / other,2013,0.83083,0.83164,0.83293,0.83811,289
carnegie,Private nonprofit 4-year | Special focus / other,Private nonprofit 4-year | Special focus / other,2014,0.80354,0.80186,0.80255,0.80638,293
carnegie,Private nonprofit 4-year | Special focus / other,Private nonprofit 4-year | Special focus / other,2015,0.81279,0.81256,0.81367,0.81844,296
carnegie,Private nonprofit 4-year | Special focus / other,Private nonprofit 4-year | Special focus / other,2016,0.85806,0.85871,0.85973,0.8635,295
carnegie,Private nonprofit 4-year | Special focus / other,Private nonprofit 4-year | Special focus / other,2017,0.86165,0.85592,0.85576,0.85676,295
carnegie,Private nonprofit 4-year | Special focus / other,Private nonprofit 4-year | Special focus / other,2018,0.89727,0.89154,0.89153,0.89311,296
carnegie,Private nonprofit 4-year | Special focus / other,Private nonprofit 4-year | Special focus / other,2019,0.89701,0.89094,0.89124,0.894,307
carnegie,Private nonprofit 4-year | Special focus / other,Private nonprofit 4-year | Special focus / other,2020,0.86707,0.86249,0.86268,0.86498,296
carnegie,Private nonprofit 4-year | Special focus / other,Private nonprofit 4-year | Special focus / other,2021,0.87271,0.87682,0.87886,0.88592,294
carnegie,Private nonprofit 4-year | Special focus / other,Private nonprofit 4-year | Special focus / other,2022,0.84611,0.84901,0.85076,0.85696,284
carnegie,Private nonprofit 4-year | Special focus / other,Private nonprofit 4-year | Special focus / other,2023,0.85714,0.87214,0.87726,0.89374,283
carnegie,Private nonprofit 4-year | Special focus / other,Private nonprofit 4-year | Special focus / other,2024,0.87935,0.89237,0.89618,0.90755,275
carnegie,Private for-profit 4-year | Doctoral/professional,Private for-profit 4-year | Doctoral/professional,1998,0.66703,0.70492,0.71333,0.73525,6
carnegie,Private for-profit 4-year | Doctoral/professional,Private for-profit 4-year | Doctoral/professional,1999,0.47838,0.52072,0.53045,0.55638,6
carnegie,Private for-profit 4-year | Doctoral/professional,Private for-profit 4-year | Doctoral/professional,2000,0.62679,0.62679,0.62679,0.62679,4
carnegie,Private for-profit 4-year | Doctoral/professional,Private for-profit 4-year | Doctoral/professional,2001,0.3554,0.3554,0.3554,0.3554,6
carnegie,Private for-profit 4-year | Doctoral/professional,Private for-profit 4-year | Doctoral/professional,2002,0.46381,0.41255,0.40317,0.38136,5
carnegie,Private for-profit 4-year | Doctoral/professional,Private for-profit 4-year | Doctoral/professional,2003,1.00754,0.85778,0.83118,0.77036,6
carnegie,Private for-profit 4-year | Doctoral/professional,Private for-profit 4-year | Doctoral/professional,2004,0.39903,0.39241,0.39115,0.38814,11
carnegie,Private for-profit 4-year | Doctoral/professional,Private for-profit 4-year | Doctoral/professional,2005,0.47935,0.48935,0.49165,0.49782,13
carnegie,Private for-profit 4-year | Doctoral/professional,Private for-profit 4-year | Doctoral/professional,2006,0.61687,0.62928,0.63221,0.64015,11
carnegie,Private for-profit 4-year | Doctoral/professional,Private for-profit 4-year | Doctoral/professional,2007,0.35382,0.3598,0.36121,0.36502,10
carnegie,Private for-profit 4-year | Doctoral/professional,Private for-profit 4-year | Doctoral/professional,2008,0.4735,0.47681,0.47755,0.47949,12
carnegie,Private for-profit 4-year | Doctoral/professional,Private for-profit 4-year | Doctoral/professional,2009,0.27453,0.27648,0.27689,0.27795,14
carnegie,Private for-profit 4-year | Doctoral/professional,Private for-profit 4-year | Doctoral/professional,2010,0.44948,0.45088,0.45119,0.45197,17
carnegie,Private for-profit 4-year | Doctoral/professional,Private for-profit 4-year | Doctoral/professional,2011,0.62307,0.62549,0.62605,0.62754,19
carnegie,Private for-profit 4-year | Doctoral/professional,Private for-profit 4-year | Doctoral/professional,2012,0.86354,0.86385,0.86393,0.86413,19
carnegie,Private for-profit 4-year | Doctoral/professional,Private for-profit 4-year | Doctoral/professional,2013,0.99995,0.99995,0.99995,0.99995,18
carnegie,Private for-profit 4-year | Doctoral/professional,Private for-profit 4-year | Doctoral/professional,2014,0.9098,0.9098,0.9098,0.9098,20
carnegie,Private for-profit 4-year | Doctoral/professional,Private for-profit 4-year | Doctoral/professional,2015,0.88383,0.88383,0.88383,0.88383,19
carnegie,Private for-profit 4-year | Doctoral/professional,Private for-profit 4-year | Doctoral/professional,2016,0.90929,0.90929,0.90929,0.90929,21
carnegie,Private for-profit 4-year | Doctoral/professional,Private for-profit 4-year | Doctoral/professional,2017,0.92578,0.92578,0.92578,0.92578,21
carnegie,Private for-profit 4-year | Doctoral/professional,Private for-profit 4-year | Doctoral/professional,2018,0.91686,0.91686,0.91686,0.91686,19
carnegie,Private for-profit 4-year | Doctoral/professional,Private for-profit 4-year | Doctoral/professional,2019,0.93752,0.93752,0.93752,0.93752,14
carnegie,Private for-profit 4-year | Doctoral/professional,Private for-profit 4-year | Doctoral/professional,2020,0.94535,0.94535,0.94535,0.94535,13
carnegie,Private for-profit 4-year | Doctoral/professional,Private for-profit 4-year | Doctoral/professional,2021,0.97916,0.97916,0.97916,0.97916,13
carnegie,Private for-profit 4-year | Doctoral/professional,Private for-profit 4-year | Doctoral/professional,2022,1.00181,1.00181,1.00181,1.00181,12
carnegie,Private for-profit 4-year | Doctoral/professional,Private for-profit 4-year | Doctoral/professional,2023,0.94661,0.94661,0.94661,0.94661,13
carnegie,Private for-profit 4-year | Doctoral/professional,Private for-profit 4-year | Doctoral/professional,2024,0.79143,0.79143,0.79143,0.79143,11
carnegie,Private for-profit 4-year | Master's,Private for-profit 4-year | Master's,1998,0.4786,0.47648,0.47614,0.47539,27
carnegie,Private for-profit 4-year | Master's,Private for-profit 4-year | Master's,1999,0.57427,0.57383,0.57374,0.57353,27
carnegie,Private for-profit 4-year | Master's,Private for-profit 4-year | Master's,2000,0.61306,0.61282,0.61278,0.61266,29
carnegie,Private for-profit 4-year | Master's,Private for-profit 4-year | Master's,2001,0.6343,0.63446,0.6345,0.63459,37
carnegie,Private for-profit 4-year | Master's,Private for-profit 4-year | Master's,2002,0.57851,0.57813,0.5781,0.57809,29
carnegie,Private for-profit 4-year | Master's,Private for-profit 4-year | Master's,2003,0.6647,0.66607,0.6664,0.66729,46
carnegie,Private for-profit 4-year | Master's,Private for-profit 4-year | Master's,2004,0.65934,0.66113,0.66157,0.66279,53
carnegie,Private for-profit 4-year | Master's,Private for-profit 4-year | Master's,2005,0.65886,0.65976,0.65997,0.66051,56
carnegie,Private for-profit 4-year | Master's,Private for-profit 4-year | Master's,2006,0.81471,0.81734,0.81796,0.81965,58
carnegie,Private for-profit 4-year | Master's,Private for-profit 4-year | Master's,2007,0.67887,0.67937,0.67948,0.67979,53
carnegie,Private for-profit 4-year | Master's,Private for-profit 4-year | Master's,2008,0.77384,0.77624,0.77681,0.77839,63
carnegie,Private for-profit 4-year | Master's,Private for-profit 4-year | Master's,2009,0.69367,0.69485,0.69514,0.69592,66
carnegie,Private for-profit 4-year | Master's,Private for-profit 4-year | Master's,2010,0.62242,0.62199,0.62191,0.62172,71
carnegie,Private for-profit 4-year | Master's,Private for-profit 4-year | Master's,2011,0.6072,0.6031,0.6019,0.60123,79
carnegie,Private for-profit 4-year | Master's,Private for-profit 4-year | Master's,2012,0.63148,0.63179,0.63211,0.63291,79
carnegie,Private for-profit 4-year | Master's,Private for-profit 4-year | Master's,2013,0.70456,0.71361,0.7207,0.73302,69
carnegie,Private for-profit 4-year | Master's,Private for-profit 4-year | Master's,2014,0.76491,0.77038,0.77438,0.78062,50
carnegie,Private for-profit 4-year | Master's,Private for-profit 4-year | Master's,2015,0.79876,0.80356,0.80667,0.81119,49
carnegie,Private for-profit 4-year | Master's,Private for-profit 4-year | Master's,2016,0.82569,0.82927,0.83133,0.83423,47
carnegie,Private for-profit 4-year | Master's,Private for-profit 4-year | Master's,2017,0.8472,0.84669,0.84674,0.84658,44
carnegie,Private for-profit 4-year | Master's,Private for-profit 4-year | Master's,2018,0.83546,0.83427,0.83381,0.83314,42
carnegie,Private for-profit 4-year | Master's,Private for-profit 4-year | Master's,2019,0.8079,0.80524,0.80414,0.80273,32
carnegie,Private for-profit 4-year | Master's,Private for-profit 4-year | Master's,2020,0.71227,0.7077,0.70596,0.70389,32
carnegie,Private for-profit 4-year | Master's,Private for-profit 4-year | Master's,2021,0.7277,0.72355,0.72197,0.72008,32
carnegie,Private for-profit 4-year | Master's,Private for-profit 4-year | Master's,2022,0.74288,0.74041,0.7394,0.73814,29
carnegie,Private for-profit 4-year | Master's,Private for-profit 4-year | Master's,2023,0.73804,0.73804,0.73804,0.73804,27
carnegie,Private for-profit 4-year | Master's,Private for-profit 4-year | Master's,2024,0.72591,0.72591,0.72591,0.72591,27
carnegie,Private for-profit 4-year | Baccalaureate,Private for-profit 4-year | Baccalaureate,1998,0.44668,0.44706,0.44742,0.44875,86
carnegie,Private for-profit 4-year | Baccalaureate,Private for-profit 4-year | Baccalaureate,1999,0.46657,0.46459,0.46433,0.46388,90
carnegie,Private for-profit 4-year | Baccalaureate,Private for-profit 4-year | Baccalaureate,2000,0.47913,0.4757,0.47525,0.47445,72
carnegie,Private for-profit 4-year | Baccalaureate,Private for-profit 4-year | Baccalaureate,2001,0.47667,0.47312,0.47268,0.47198,93
carnegie,Private for-profit 4-year | Baccalaureate,Private for-profit 4-year | Baccalaureate,2002,0.45776,0.45766,0.45776,0.45816,96
carnegie,Private for-profit 4-year | Baccalaureate,Private for-profit 4-year | Baccalaureate,2003,0.53652,0.53809,0.53859,0.54012,104
carnegie,Private for-profit 4-year | Baccalaureate,Private for-profit 4-year | Baccalaureate,2004,0.53322,0.53522,0.53583,0.53769,113
carnegie,Private for-profit 4-year | Baccalaureate,Private for-profit 4-year | Baccalaureate,2005,0.55803,0.55661,0.55646,0.55633,127
carnegie,Private for-profit 4-year | Baccalaureate,Private for-profit 4-year | Baccalaureate,2006,0.52922,0.53213,0.53296,0.53539,138
carnegie,Private for-profit 4-year | Baccalaureate,Private for-profit 4-year | Baccalaureate,2007,0.5324,0.53115,0.53094,0.53046,124
carnegie,Private for-profit 4-year | Baccalaureate,Private for-profit 4-year | Baccalaureate,2008,0.49208,0.50844,0.51408,0.53385,149
carnegie,Private for-profit 4-year | Baccalaureate,Private for-profit 4-year | Baccalaureate,2009,0.44362,0.44817,0.44922,0.45204,160
carnegie,Private for-profit 4-year | Baccalaureate,Private for-profit 4-year | Baccalaureate,2010,0.42227,0.42378,0.42419,0.42536,202
carnegie,Private for-profit 4-year | Baccalaureate,Private for-profit 4-year | Baccalaureate,2011,0.4666,0.46472,0.4644,0.4637,221
carnegie,Private for-profit 4-year | Baccalaureate,Private for-profit 4-year | Baccalaureate,2012,0.52184,0.52537,0.52685,0.53193,233
carnegie,Private for-profit 4-year | Baccalaureate,Private for-profit 4-year | Baccalaureate,2013,0.59534,0.59601,0.59652,0.59832,231
carnegie,Private for-profit 4-year | Baccalaureate,Private for-profit 4-year | Baccalaureate,2014,0.61495,0.60635,0.60477,0.60109,233
carnegie,Private for-profit 4-year | Baccalaureate,Private for-profit 4-year | Baccalaureate,2015,0.71231,0.68961,0.68647,0.6802,219
carnegie,Private for-profit 4-year | Baccalaureate,Private for-profit 4-year | Baccalaureate,2016,0.69169,0.69052,0.69029,0.68976,145
carnegie,Private for-profit 4-year | Baccalaureate,Private for-profit 4-year | Baccalaureate,2017,0.7689,0.76951,0.76968,0.77016,123
carnegie,Private for-profit 4-year | Baccalaureate,Private for-profit 4-year | Baccalaureate,2018,0.69174,0.69389,0.69438,0.69568,89
carnegie,Private for-profit 4-year | Baccalaureate,Private for-profit 4-year | Baccalaureate,2019,0.70978,0.71651,0.71819,0.72289,66
carnegie,Private for-profit 4-year | Baccalaureate,Private for-profit 4-year | Baccalaureate,2020,0.69414,0.70933,0.71312,0.72381,56
carnegie,Private for-profit 4-year | Baccalaureate,Private for-profit 4-year | Baccalaureate,2021,0.75996,0.77313,0.77621,0.78448,54
carnegie,Private for-profit 4-year | Baccalaureate,Private for-profit 4-year | Baccalaureate,2022,0.74873,0.75942,0.76182,0.76809,52
carnegie,Private for-profit 4-year | Baccalaureate,Private for-profit 4-year | Baccalaureate,2023,0.60801,0.60801,0.60801,0.60801,32
carnegie,Private for-profit 4-year | Baccalaureate,Private for-profit 4-year | Baccalaureate,2024,0.79661,0.79661,0.79661,0.79661,32
carnegie,Private for-profit 4-year | Associate,Private for-profit 4-year | Associate,1998,0.44581,0.44657,0.44673,0.44716,31
carnegie,Private for-profit 4-year | Associate,Private for-profit 4-year | Associate,1999,0.38192,0.38218,0.38252,0.38376,35
carnegie,Private for-profit 4-year | Associate,Private for-profit 4-year | Associate,2000,0.33625,0.3301,0.32904,0.32664,24
carnegie,Private for-profit 4-year | Associate,Private for-profit 4-year | Associate,2001,0.42818,0.43803,0.441,0.45014,32
carnegie,Private for-profit 4-year | Associate,Private for-profit 4-year | Associate,2002,0.34886,0.38111,0.38933,0.41274,31
carnegie,Private for-profit 4-year | Associate,Private for-profit 4-year | Associate,2003,0.34549,0.36213,0.36606,0.37674,40
carnegie,Private for-profit 4-year | Associate,Private for-profit 4-year | Associate,2004,0.39199,0.40064,0.40269,0.40824,39
carnegie,Private for-profit 4-year | Associate,Private for-profit 4-year | Associate,2005,0.39716,0.40242,0.40362,0.40678,40
carnegie,Private for-profit 4-year | Associate,Private for-profit 4-year | Associate,2006,0.41571,0.41808,0.41859,0.41989,43
carnegie,Private for-profit 4-year | Associate,Private for-profit 4-year | Associate,2007,0.3997,0.4014,0.4018,0.40286,48
carnegie,Private for-profit 4-year | Associate,Private for-profit 4-year | Associate,2008,0.36884,0.36702,0.36672,0.36605,50
carnegie,Private for-profit 4-year | Associate,Private for-profit 4-year | Associate,2009,0.33471,0.33384,0.33382,0.33402,55
carnegie,Private for-profit 4-year | Associate,Private for-profit 4-year | Associate,2010,0.28994,0.28983,0.28985,0.28995,61
carnegie,Private for-profit 4-year | Associate,Private for-profit 4-year | Associate,2011,0.32382,0.32357,0.32354,0.3235,77
carnegie,Private for-profit 4-year | Associate,Private for-profit 4-year | Associate,2012,0.45003,0.44544,0.44458,0.44258,76
carnegie,Private for-profit 4-year | Associate,Private for-profit 4-year | Associate,2013,0.45488,0.44698,0.44554,0.44217,85
carnegie,Private for-profit 4-year | Associate,Private for-profit 4-year | Associate,2014,0.43033,0.4218,0.42023,0.4166,83
carnegie,Private for-profit 4-year | Associate,Private for-profit 4-year | Associate,2015,0.50016,0.49442,0.49337,0.49091,84
carnegie,Private for-profit 4-year | Associate,Private for-profit 4-year | Associate,2016,0.51272,0.50421,0.50269,0.4992,49
carnegie,Private for-profit 4-year | Associate,Private for-profit 4-year | Associate,2017,0.54677,0.5371,0.53536,0.53135,57
carnegie,Private for-profit 4-year | Associate,Private for-profit 4-year | Associate,2018,0.47096,0.4638,0.46249,0.45944,42
carnegie,Private for-profit 4-year | Associate,Private for-profit 4-year | Associate,2019,0.41923,0.41816,0.41805,0.41791,37
carnegie,Private for-profit 4-year | Associate,Private for-profit 4-year | Associate,2020,0.40762,0.43114,0.43687,0.45272,40
carnegie,Private for-profit 4-year | Associate,Private for-profit 4-year | Associate,2021,0.46019,0.48981,0.49734,0.51874,43
carnegie,Private for-profit 4-year | Associate,Private for-profit 4-year | Associate,2022,0.43957,0.45487,0.45856,0.46873,45
carnegie,Private for-profit 4-year | Associate,Private for-profit 4-year | Associate,2023,0.38324,0.38324,0.38324,0.38324,36
carnegie,Private for-profit 4-year | Associate,Private for-profit 4-year | Associate,2024,0.42991,0.42991,0.42991,0.42991,30
carnegie,Private for-profit 4-year | Special focus / other,Private for-profit 4-year | Special focus / other,1998,0.53386,0.53278,0.53259,0.53214,88
carnegie,Private for-profit 4-year | Special focus / other,Private for-profit 4-year | Special focus / other,1999,0.46905,0.47104,0.47152,0.47285,94
carnegie,Private for-profit 4-year | Special focus / other,Private for-profit 4-year | Special focus / other,2000,0.56491,0.5611,0.56046,0.55905,88
carnegie,Private for-profit 4-year | Special focus / other,Private for-profit 4-year | Special focus / other,2001,0.52396,0.52286,0.52269,0.52236,103
carnegie,Private for-profit 4-year | Special focus / other,Private for-profit 4-year | Special focus / other,2002,0.58371,0.58336,0.58331,0.5832,104
carnegie,Private for-profit 4-year | Special focus / other,Private for-profit 4-year | Special focus / other,2003,0.5383,0.54381,0.54519,0.54904,126
carnegie,Private for-profit 4-year | Special focus / other,Private for-profit 4-year | Special focus / other,2004,0.50957,0.50809,0.5078,0.50714,147
carnegie,Private for-profit 4-year | Special focus / other,Private for-profit 4-year | Special focus / other,2005,0.48615,0.48551,0.48541,0.4852,162
carnegie,Private for-profit 4-year | Special focus / other,Private for-profit 4-year | Special focus / other,2006,0.51319,0.51274,0.51265,0.51247,183
carnegie,Private for-profit 4-year | Special focus / other,Private for-profit 4-year | Special focus / other,2007,0.54888,0.54826,0.54816,0.54791,187
carnegie,Private for-profit 4-year | Special focus / other,Private for-profit 4-year | Special focus / other,2008,0.57095,0.57006,0.56993,0.5697,205
carnegie,Private for-profit 4-year | Special focus / other,Private for-profit 4-year | Special focus / other,2009,0.58526,0.58518,0.58522,0.58537,221
carnegie,Private for-profit 4-year | Special focus / other,Private for-profit 4-year | Special focus / other,2010,0.55753,0.55726,0.55722,0.55715,241
carnegie,Private for-profit 4-year | Special focus / other,Private for-profit 4-year | Special focus / other,2011,0.56456,0.56457,0.56459,0.56469,263
carnegie,Private for-profit 4-year | Special focus / other,Private for-profit 4-year | Special focus / other,2012,0.59421,0.59318,0.59302,0.59269,276
carnegie,Private for-profit 4-year | Special focus / other,Private for-profit 4-year | Special focus / other,2013,0.70736,0.70624,0.70604,0.7056,287
carnegie,Private for-profit 4-year | Special focus / other,Private for-profit 4-year | Special focus / other,2014,0.72758,0.72706,0.72696,0.72675,278
carnegie,Private for-profit 4-year | Special focus / other,Private for-profit 4-year | Special focus / other,2015,0.77878,0.7789,0.77894,0.77908,264
carnegie,Private for-profit 4-year | Special focus / other,Private for-profit 4-year | Special focus / other,2016,0.83009,0.82904,0.82885,0.82844,204
carnegie,Private for-profit 4-year | Special focus / other,Private for-profit 4-year | Special focus / other,2017,0.94247,0.94076,0.94046,0.93978,200
carnegie,Private for-profit 4-year | Special focus / other,Private for-profit 4-year | Special focus / other,2018,0.95872,0.95868,0.95867,0.95866,171
carnegie,Private for-profit 4-year | Special focus / other,Private for-profit 4-year | Special focus / other,2019,0.68908,0.68901,0.68899,0.68896,145
carnegie,Private for-profit 4-year | Special focus / other,Private for-profit 4-year | Special focus / other,2020,0.72775,0.72775,0.72775,0.72775,138
carnegie,Private for-profit 4-year | Special focus / other,Private for-profit 4-year | Special focus / other,2021,0.76049,0.76049,0.76049,0.76049,138
carnegie,Private for-profit 4-year | Special focus / other,Private for-profit 4-year | Special focus / other,2022,0.78244,0.78244,0.78244,0.78244,128
carnegie,Private for-profit 4-year | Special focus / other,Private for-profit 4-year | Special focus / other,2023,0.89523,0.89523,0.89523,0.89523,120
carnegie,Private for-profit 4-year | Special focus / other,Private for-profit 4-year | Special focus / other,2024,0.77419,0.77419,0.77419,0.77419,112
