credit_year,fall,nd,u18,ds,nonde_0.8,nonde_1.0,nonde_1.05,nonde_1.25,CT,DC,ER,nonde_share_of_fall_ug,nonde_credits_central,nonde_credits_share_of_ct,beta_year_specific,er_without_unused_nonde_central
2003,2002,2182164.0,480553.0,11522992.0,1873511.8,1801812.5,1784237.1,1715486.25,333895582.7194,193851240.0,0.5806,0.1302,31580996.67,0.0946,11.2069,0.6249
2004,2003,1935835.0,478691.0,12169757.0,1630278.8,1559496.0,1542230.85,1475731.25,349331457.218,204744060.0,0.5861,0.1093,27297486.045,0.0781,13.5937,0.6226
2005,2004,1972555.0,513353.5,12479224.0,1635679.0,1558171.0,1539350.725,1467367.375,355386443.8275,211020840.0,0.5938,0.1065,27246507.8325,0.0767,11.3142,0.63
2006,2005,1940724.0,548387.0,12575981.0,1573484.2,1488416.0,1467838.15,1389341.5,357980156.6056,218071800.0,0.6092,0.1011,25980735.255,0.0726,12.2832,0.6442
2007,2006,1973198.0,607002.0,12939074.0,1561634.6,1466750.5,1443881.125,1359105.375,374524859.0643,224867940.0,0.6004,0.0968,25556695.9125,0.0682,12.2957,0.6328
2008,2007,2110377.0,661406.0,13337762.0,1646729.8,1540152.0,1514502.65,1418499.75,385589403.1455,230667660.0,0.5982,0.098,26806696.905,0.0695,14.2927,0.6311
2009,2008,1674832.0,706919.5,14258712.0,1182407.2,1069939.0,1042708.125,940952.75,404911096.2078,236531040.0,0.5842,0.0654,18455933.8125,0.0456,19.9632,0.6048
2010,2009,1688170.0,741615.0,15573564.0,1160725.4,1038561.0,1009427.4,901999.25,440533204.614,248234520.0,0.5635,0.0585,17866864.98,0.0406,20.3843,0.5812
2011,2010,1629466.0,765098.5,16245702.0,1083157.6,959891.5,930323.9,823149.375,450828444.9966,261584820.0,0.5802,0.052,16466733.03,0.0365,18.6199,0.5966
2012,2011,1606462.0,783612.0,16253223.0,1042634.6,913132.0,881890.65,770397.5,449064552.9747,276299400.0,0.6153,0.0494,15609464.505,0.0348,17.0401,0.6318
2013,2012,1588225.0,829078.5,15929922.0,983336.4,846663.0,814636.2,701171.875,435962640.6638,281488920.0,0.6457,0.0465,14419060.74,0.0331,18.9691,0.6621
2014,2013,1601825.0,874956.0,15561239.0,956498.0,807145.0,771925.05,651035.25,432899524.22,285551640.0,0.6596,0.045,13663073.385,0.0316,17.0737,0.6756
2015,2014,1639043.0,959931.5,15487161.0,931235.8,769555.5,732271.3,606862.375,424609817.1746,288643320.0,0.6798,0.0428,12961202.01,0.0305,17.416,0.6957
2016,2015,1730458.0,1044252.0,15213355.0,954322.8,771031.0,727608.85,582592.25,417012462.6601,292067700.0,0.7004,0.0429,12878676.645,0.0309,16.2975,0.717
2017,2016,1792772.0,1133280.0,14975684.0,945880.4,749086.5,702887.3,545765.75,412957765.9976,296345340.0,0.7176,0.0419,12441105.21,0.0301,18.0423,0.7342
2018,2017,1856345.0,1222467.0,14767923.0,937045.4,720379.0,669001.3,501455.75,410754837.4004,299787180.0,0.7298,0.0402,11841323.01,0.0288,17.2489,0.746
2019,2018,1916123.0,1332015.5,14573097.0,917943.4,688410.0,634671.3,461875.0,406294860.0762,302285820.0,0.744,0.0385,11233682.01,0.0276,15.8797,0.7598
2020,2019,1942219.0,1421661.0,14351651.0,874845.0,622069.0,563500.9,383033.5,405896989.5369,305437320.0,0.7525,0.0346,9973965.93,0.0246,17.9107,0.7666
2021,2020,1836651.0,1448443.0,14000926.0,768402.6,532318.0,480476.9,327342.125,391712699.6401,309523560.0,0.7902,0.0303,8504441.13,0.0217,20.3553,0.8033
2022,2021,1873675.0,1469803.0,13446117.0,771398.6,512777.0,453241.3,286041.5,377003760.997,301567680.0,0.7999,0.0296,8022371.01,0.0213,19.5264,0.8129
2023,2022,2026013.0,1642086.0,13262983.0,796176.0,513089.0,450554.75,279327.125,376214727.8548,292807260.0,0.7783,0.0295,7974819.075,0.0212,17.9594,0.7909
2024,2023,2260045.0,1825238.0,13487327.0,879535.0,551633.0,476669.4,283401.0,388230676.4845,291491940.0,0.7508,0.0303,8437048.38,0.0217,23.1227,0.7633
