st,state,policy,label,status,year,cohort,instrument,citation,source,confidence
AL,Alabama,GP_STATE,Guided pathways (statewide),Not identified,,,,,,
AK,Alaska,GP_STATE,Guided pathways (statewide),Not identified,,,,,,
AZ,Arizona,GP_STATE,Guided pathways (statewide),Yes,2019.0,,Arizona Center for Student Success created with $1.35M from Office of the Governor and foundations to help all ten community college districts implement guided pathways,"Arizona Western College news release, May 6, 2019",https://www.azwestern.edu/node/311,medium
AR,Arkansas,GP_STATE,Guided pathways (statewide),Partial,2014.0,,CCRC/national technical-assistance team worked with Arkansas two-year colleges on guided pathways (project June 2014-May 2016),CCRC research project page: Arkansas Guided Pathways,https://ccrc.tc.columbia.edu/research-project/arkansas-guided-pathways.html,medium
CA,California,GP_STATE,Guided pathways (statewide),Yes,2017.0,2017.0,2017 Budget Act: $150M one-time California Guided Pathways grant program (Ed Code 88920-88922) to all community colleges,"CCCCO Guided Pathways legislative report; CCCCO 2017-18 GP allocation memo (Oct 18, 2017)",https://www.cccco.edu:443/-/media/CCCCO-Website/docs/report/ccccoreportguidedpathwayslegislative2019202161023a11y.pdf,high
CO,Colorado,GP_STATE,Guided pathways (statewide),Not identified,,,,,,
CT,Connecticut,GP_STATE,Guided pathways (statewide),Yes,2018.0,2023.0,"CSCU Board of Regents endorsed Revised Students First Plan (June 21, 2018) incl. statewide Guided Pathways; CSCU Student Success Center Guided Pathways Task Force from May 2018","CSCU Students First update for NECHE, April 2019",https://ctstate.edu/images/Forms-Documents/NECHE/CSCU-Students-First-Update-for-NECHE-April-2019.pdf,high
DE,Delaware,GP_STATE,Guided pathways (statewide),Not identified,,,,,,
DC,District of Columbia,GP_STATE,Guided pathways (statewide),Not identified,,,,,,
FL,Florida,GP_STATE,Guided pathways (statewide),Yes,2018.0,2019.0,"Florida College System launched Florida Student Success Center (2018), which launched the Florida Pathways Institute for FCS institutions","FLDOE FSSC dual-enrollment institute info sheet; FLDOE FSSC Pathways Navigators memo (Oct 16, 2019)",https://cdn.fldoe.org/core/fileparse.php/5659/urlt/FPI-DE-Info.pdf,high
GA,Georgia,GP_STATE,Guided pathways (statewide),Yes,2017.0,2018.0,"University System of Georgia Momentum Year (focus areas/meta-majors, program maps, 30 credits in first year) across all 26 USG institutions","Denley, foreword to USG faculty development e-book",https://www.usg.edu/facultydevelopment/assets/facultydevelopment/documents/ebook/Foreword-Denley.pdf,high
HI,Hawaii,GP_STATE,Guided pathways (statewide),Yes,2016.0,2017.0,UH System STAR GPS guided-pathways registration linking program pathways to registration at all UH campuses,UH System STAR-GPS AACRAO presentation,https://www.hawaii.edu/wp/wp-content/uploads/2020/12/GPS_AACRAO_FINAL.pdf,high
ID,Idaho,GP_STATE,Guided pathways (statewide),Yes,2017.0,,Governor's Higher Education Task Force recommendation to implement a comprehensive guided pathways program; State Board adopted task-force recommendations incl. CCA Game Changers (meta-majors etc.),"Idaho SBOE Task Force notes Sept 15, 2017; CCA news Feb 15, 2018",https://boardofed.idaho.gov/wp-content/uploads/2017/10/Govs-H.E.-Task-Force-09-15-17-Notes.pdf,medium
IL,Illinois,GP_STATE,Guided pathways (statewide),Not identified,,,,,,
IN,Indiana,GP_STATE,Guided pathways (statewide),Yes,2013.0,2014.0,"Statute IC 21-12-14 (P.L.281-2013, HEA 1348): state institutions must develop a degree map for each full-time student",Indiana Code ch. 21-12-14 Degree Maps (Justia),https://law.justia.com/codes/indiana/2016/title-21/article-12/chapter-14/index.html,high
IA,Iowa,GP_STATE,Guided pathways (statewide),Not identified,,,,,,
KS,Kansas,GP_STATE,Guided pathways (statewide),Not identified,,,,,,
KY,Kentucky,GP_STATE,Guided pathways (statewide),Not identified,,,,,,
LA,Louisiana,GP_STATE,Guided pathways (statewide),Not identified,,,,,,
ME,Maine,GP_STATE,Guided pathways (statewide),Not identified,,,,,,
MD,Maryland,GP_STATE,Guided pathways (statewide),Not identified,,,,,,
MA,Massachusetts,GP_STATE,Guided pathways (statewide),Partial,2014.0,2014.0,"Guided Pathways to Success in STEM (GPSTEM): consortium of all 15 Massachusetts community colleges, $20M US DOL TAACCCT grant, Oct 2014-Sep 2018",Massachusetts Community Colleges GPSTEM page,https://masscc.org/gpstem/,high
MI,Michigan,GP_STATE,Guided pathways (statewide),Yes,2015.0,2015.0,Michigan Center for Student Success (MCCA) Michigan Guided Pathways Institute; first cohort of 12 colleges,"Henry Ford College Board of Trustees minutes, Jan 19, 2016",https://www.hfcc.edu/sites/hfcmain/files/board/1.19.16_board_minutes.pdf,medium
MN,Minnesota,GP_STATE,Guided pathways (statewide),Not identified,,,,,,
MS,Mississippi,GP_STATE,Guided pathways (statewide),Not identified,,,,,,
MO,Missouri,GP_STATE,Guided pathways (statewide),Not identified,,,,,,
MT,Montana,GP_STATE,Guided pathways (statewide),Yes,2017.0,,"Montana University System / CCA Momentum Pathways Project (15 to Finish, degree maps, advisor training) at all public institutions","Complete College America news, Oct 25, 2017",https://completecollege.org/news/montana-higher-education-leaders-cca-launch-effort-to-boost-student-success-and-college-completion/,medium
NE,Nebraska,GP_STATE,Guided pathways (statewide),Not identified,,,,,,
NV,Nevada,GP_STATE,Guided pathways (statewide),Not identified,,,,,,
NH,New Hampshire,GP_STATE,Guided pathways (statewide),Yes,2016.0,,Community College System of New Hampshire systemwide focus on guided pathways model; joined CCA 2016,CCSNH Annual Report 2016,https://www.ccsnh.edu/wp-content/uploads/2019/09/ANNUAL-REPORT-2016-1.pdf,high
NJ,New Jersey,GP_STATE,Guided pathways (statewide),Partial,2014.0,2014.0,Guided Pathways to Success rolled out in 13 of 19 community colleges; NJ Council of County Colleges Center for Student Success (2012),"NJ Governor's Higher Education Council newsletter, May 9, 2016",https://www.nj.gov/highereducation/documents/pdf/index/GHECNewsletter05-09-16.pdf,high
NM,New Mexico,GP_STATE,Guided pathways (statewide),Not identified,,,,,,
NY,New York,GP_STATE,Guided pathways (statewide),Partial,2018.0,2018.0,"SUNY Guided Pathways (SUNY, NY Student Success Center, JFF): cohort institutes; $1.8M from Governor, legislature and private funds","SUNY press release, May 13, 2019",https://www.suny.edu/suny-news/press-releases/5-19/5-13-19/,high
NC,North Carolina,GP_STATE,Guided pathways (statewide),Yes,2018.0,2018.0,NC Student Success Center (NCCCS) NC Guided Pathways to Success (NC GPS) Network: year-long series of four institutes,"NC Student Success Center newsletter, March 2018",https://wordpress.nccommunitycolleges.edu/sites/default/files/pa-news-files/nc_ssc_newsletter_03.18.pdf,high
ND,North Dakota,GP_STATE,Guided pathways (statewide),Not identified,,,,,,
OH,Ohio,GP_STATE,Guided pathways (statewide),Yes,2016.0,2016.0,Ohio Association of Community Colleges Student Success Center series of guided pathways institutes attended by teams from each of 23 colleges,CCRC Working Paper No. 136 (March 2024),https://ccrc.tc.columbia.edu/wp-content/uploads/2024/03/guided-pathways-practices-early-academic-success-three-states-1.pdf,medium
OK,Oklahoma,GP_STATE,Guided pathways (statewide),Not identified,,,,,,
OR,Oregon,GP_STATE,Guided pathways (statewide),Yes,2018.0,2018.0,Oregon Student Success Center Oregon Pathways Project: cohort-based Guided Pathways Institutes; all colleges completed Scale of Adoption Assessment,JFF Oregon Student Success Center profile (Oct 2018),https://www.jff.org/wp-content/uploads/2023/09/101218_OR_Profile.pdf,medium
PA,Pennsylvania,GP_STATE,Guided pathways (statewide),Not identified,,,,,,
RI,Rhode Island,GP_STATE,Guided pathways (statewide),Not identified,,,,,,
SC,South Carolina,GP_STATE,Guided pathways (statewide),Not identified,,,,,,
SD,South Dakota,GP_STATE,Guided pathways (statewide),Not identified,,,,,,
TN,Tennessee,GP_STATE,Guided pathways (statewide),Yes,2015.0,,Tennessee Board of Regents statewide guided pathways reform initiative at community colleges,CCRC Working Paper No. 136 (March 2024),https://ccrc.tc.columbia.edu/wp-content/uploads/2024/03/guided-pathways-practices-early-academic-success-three-states-1.pdf,medium
TX,Texas,GP_STATE,Guided pathways (statewide),Yes,2016.0,2016.0,Texas Success Center (TACC) Texas Pathways Institutes for community colleges,TACC Texas Pathways institutes page,https://tacc.org/node/1922,high
UT,Utah,GP_STATE,Guided pathways (statewide),Partial,2013.0,,Board of Regents 2013 completion resolution: graduation maps (with 15 to Finish and plateau tuition) at USHE institutions,"USHE, 'USHE works to improve college completion rates'",https://ushe.edu/ushe-works-to-improve-college-completion-rates/,high
VT,Vermont,GP_STATE,Guided pathways (statewide),Not identified,,,,,,
VA,Virginia,GP_STATE,Guided pathways (statewide),Not identified,,,,,,
WA,Washington,GP_STATE,Guided pathways (statewide),Yes,2017.0,2018.0,2017 Legislature appropriated $3M to SBCTC over two years for guided pathways at all 34 CTCs; full funding for all 34 in 2019,CCRC Working Paper No. 136 (March 2024),https://ccrc.tc.columbia.edu/wp-content/uploads/2024/03/guided-pathways-practices-early-academic-success-three-states-1.pdf,medium
WV,West Virginia,GP_STATE,Guided pathways (statewide),Not identified,,,,,,
WI,Wisconsin,GP_STATE,Guided pathways (statewide),Yes,2017.0,2017.0,WTCS Student Success Center (est. 2017) supporting guided pathways at all 16 technical colleges; Scale of Adoption Assessment fall/winter 2017-18,WTCS Student Success Center page; WTCS SOAA Year 1 results,https://www.wtcsystem.edu/impact/priorities/student-success-center/,high
WY,Wyoming,GP_STATE,Guided pathways (statewide),Not identified,,,,,,
AL,Alabama,FTF,"""15 to Finish"" campaign",Partial,2018.0,,Alabama Commission on Higher Education joined CCA; statewide launch event promoting 15 to Finish and other CCA strategies,"Complete College America, 'Launching a completion movement in Alabama' (Apr 27, 2018)",https://completecollege.org/news/launching-a-completion-movement-in-alabama/,medium
AK,Alaska,FTF,"""15 to Finish"" campaign",Not identified,,,,,,
AZ,Arizona,FTF,"""15 to Finish"" campaign",Not identified,,,,,,
AR,Arkansas,FTF,"""15 to Finish"" campaign",Yes,2016.0,,Arkansas Dept of Higher Education applied to join CCA 15 to Finish initiative (15/semester or 30/year; 120/60-credit caps),"AHECB regular meeting minutes, Oct 28, 2016",https://static.ark.org/eeuploads/adhe/01_10-28-16_Regular_Meeting_Minutes.pdf,medium
CA,California,FTF,"""15 to Finish"" campaign",Not identified,,,,,,
CO,Colorado,FTF,"""15 to Finish"" campaign",Not identified,,,,,,
CT,Connecticut,FTF,"""15 to Finish"" campaign",Not identified,,,,,,
DE,Delaware,FTF,"""15 to Finish"" campaign",Not identified,,,,,,
DC,District of Columbia,FTF,"""15 to Finish"" campaign",Not identified,,,,,,
FL,Florida,FTF,"""15 to Finish"" campaign",Not identified,,,,,,
GA,Georgia,FTF,"""15 to Finish"" campaign",Yes,,,Complete College Georgia / USG 15 to Finish campaign at all USG campuses,"USG FY2016 Annual Financial Report; USG news release Mar 5, 2020",https://www.usg.edu/fiscal_affairs/assets/fiscal_affairs/documents/USG_AFR_2016.pdf,medium
HI,Hawaii,FTF,"""15 to Finish"" campaign",Yes,2011.0,,University of Hawaii System 15 to Finish campaign (Hawaii Graduation Initiative); national originator,"UH News, Dec 1, 2014",https://www.hawaii.edu/news/2014/12/01/uhs-15-to-finish-initiative-gains-local-national-traction/,high
ID,Idaho,FTF,"""15 to Finish"" campaign",Partial,2018.0,,State Board adopted Governor's task-force recommendations incl. CCA Game Changers (30 credits per year goal); 15 to Finish is a core Idaho Momentum Pathways strategy,"Complete College America news, Feb 15, 2018",https://completecollege.org/news/idaho-leadership-meeting-mapping-a-path-forward/,medium
IL,Illinois,FTF,"""15 to Finish"" campaign",Not identified,,,,,,
IN,Indiana,FTF,"""15 to Finish"" campaign",Yes,2013.0,,Indiana Commission for Higher Education statewide 15 to Finish campaign; 21st Century Scholars must complete 30 credits/year (HEA 1348-2013),"WFYI, Oct 18, 2013",https://www.wfyi.org/wfyi-news/2013-10-18/15-to-finish-campaign-to-help-college-students-complete-degrees-on-time,low
IA,Iowa,FTF,"""15 to Finish"" campaign",Not identified,,,,,,
KS,Kansas,FTF,"""15 to Finish"" campaign",Not identified,,,,,,
KY,Kentucky,FTF,"""15 to Finish"" campaign",Yes,2013.0,2013.0,Kentucky CPE adopted CCA 15 to Finish strategy (15 credits/semester or 30/year),"Complete College America, Stan Jones Legacy Award to CPE (Dec 13, 2023); CPE '15 to Finish Kentucky' presentation (2023)",https://cpe.ky.gov/ourwork/documents/15toFinish-infopresentation.pdf,high
LA,Louisiana,FTF,"""15 to Finish"" campaign",Not identified,,,,,,
ME,Maine,FTF,"""15 to Finish"" campaign",Not identified,,,,,,
MD,Maryland,FTF,"""15 to Finish"" campaign",Not identified,,,,,,
MA,Massachusetts,FTF,"""15 to Finish"" campaign",Not identified,,,,,,
MI,Michigan,FTF,"""15 to Finish"" campaign",Not identified,,,,,,
MN,Minnesota,FTF,"""15 to Finish"" campaign",Not identified,,,,,,
MS,Mississippi,FTF,"""15 to Finish"" campaign",Yes,2014.0,,Mississippi IHL 'Finish in 4' campaign at eight public universities (about 15.5 credits per semester),"University of Southern Mississippi news release, Dec 2, 2014",https://www.usm.edu/news/2014/release/new-report-supports-need-finish-4-campaign-mississippi-universities.php,medium
MO,Missouri,FTF,"""15 to Finish"" campaign",Yes,2016.0,,"Missouri Department of Higher Education statewide 15 to Finish initiative with CCA, two- and four-year publics","MDHE FY2017 overview report; News Tribune (AP) Oct 14, 2016",https://dhe.mo.gov/about/documents/overviewFY17.pdf,medium
MT,Montana,FTF,"""15 to Finish"" campaign",Yes,2017.0,,MUS/CCA Momentum Pathways Project: 15 to Finish at all public institutions,"Complete College America news, Oct 25, 2017",https://completecollege.org/news/montana-higher-education-leaders-cca-launch-effort-to-boost-student-success-and-college-completion/,medium
NE,Nebraska,FTF,"""15 to Finish"" campaign",Not identified,,,,,,
NV,Nevada,FTF,"""15 to Finish"" campaign",Yes,2013.0,,Nevada System of Higher Education 15 to Finish campaign,"KUNR, Aug 7, 2015; NSHE fact sheet 2014",https://www.kunr.org/education/2015-08-07/full-time-enrollment-surges-at-nevada-colleges,medium
NH,New Hampshire,FTF,"""15 to Finish"" campaign",Not identified,,,,,,
NJ,New Jersey,FTF,"""15 to Finish"" campaign",Not identified,,,,,,
NM,New Mexico,FTF,"""15 to Finish"" campaign",Not identified,,,,,,
NY,New York,FTF,"""15 to Finish"" campaign",Not identified,,,,,,
NC,North Carolina,FTF,"""15 to Finish"" campaign",Not identified,,,,,,
ND,North Dakota,FTF,"""15 to Finish"" campaign",Not identified,,,,,,
OH,Ohio,FTF,"""15 to Finish"" campaign",Not identified,,,,,,
OK,Oklahoma,FTF,"""15 to Finish"" campaign",Yes,2016.0,,Oklahoma State Regents 15 to Finish initiative (full-time = 15/semester or 30/year),"OSRHE Committee of the Whole minutes, Aug 31, 2016",https://okhighered.org/wp-content/uploads/2023/08/Committee-of-the-Whole-Minutes-2016-08-31.pdf,low
OR,Oregon,FTF,"""15 to Finish"" campaign",Not identified,,,,,,
PA,Pennsylvania,FTF,"""15 to Finish"" campaign",Not identified,,,,,,
RI,Rhode Island,FTF,"""15 to Finish"" campaign",Not identified,,,,,,
SC,South Carolina,FTF,"""15 to Finish"" campaign",Not identified,,,,,,
SD,South Dakota,FTF,"""15 to Finish"" campaign",Not identified,,,,,,
TN,Tennessee,FTF,"""15 to Finish"" campaign",Not identified,,,,,,
TX,Texas,FTF,"""15 to Finish"" campaign",Not identified,,,,,,
UT,Utah,FTF,"""15 to Finish"" campaign",Yes,2013.0,2014.0,USHE 15 to Finish campaign at all eight public institutions (Regents 2013 resolution); plateau/banded tuition lets students take 15 credits for the price of 12 at most institutions,"USHE news release, Oct 22, 2013",https://ushe.edu/wp-content/uploads/2013/10/2013-10-22_15toFinish_NR.pdf,high
VT,Vermont,FTF,"""15 to Finish"" campaign",Not identified,,,,,,
VA,Virginia,FTF,"""15 to Finish"" campaign",Not identified,,,,,,
WA,Washington,FTF,"""15 to Finish"" campaign",Not identified,,,,,,
WV,West Virginia,FTF,"""15 to Finish"" campaign",Yes,2014.0,,West Virginia HEPC statewide 15 to Finish initiative,"WV HEPC news release (launch Sept 30, 2014)",https://wvhepc.edu/news/west-virginia-higher-education-policy-commission-launches-15-to-finish-initiative,high
WI,Wisconsin,FTF,"""15 to Finish"" campaign",Not identified,,,,,,
WY,Wyoming,FTF,"""15 to Finish"" campaign",Not identified,,,,,,
AL,Alabama,EXCESS,Excess credit-hour surcharge,Not identified,,,,,,
AK,Alaska,EXCESS,Excess credit-hour surcharge,Not identified,,,,,,
AZ,Arizona,EXCESS,Excess credit-hour surcharge,Yes,2005.0,2007.0,statute,A.R.S. § 15-1626 (credit hour threshold); ABOR surcharge Dec 2006,https://in.nau.edu/news/surcharge-set-for-excess-credit-hours/,medium
AR,Arkansas,EXCESS,Excess credit-hour surcharge,Not identified,,,,,,
CA,California,EXCESS,Excess credit-hour surcharge,Not identified,,,,,,
CO,Colorado,EXCESS,Excess credit-hour surcharge,Partial,2004.0,2005.0,statute,"C.R.S. § 23-18-202(5)(c) (SB 04-189, College Opportunity Fund)",https://www.colorado.edu/today/2005/01/09/university-colorado-begins-notifying-students-states-new-college-opportunity-fund,medium
CT,Connecticut,EXCESS,Excess credit-hour surcharge,Not identified,,,,,,
DE,Delaware,EXCESS,Excess credit-hour surcharge,Not identified,,,,,,
DC,District of Columbia,EXCESS,Excess credit-hour surcharge,Not identified,,,,,,
FL,Florida,EXCESS,Excess credit-hour surcharge,Yes,2009.0,2009.0,statute,"s. 1009.286, Fla. Stat. (s. 11, ch. 2009-60, Laws of Fla.)",https://www.flsenate.gov/Session/Bill/2018/844/Analyses/2018s00844.ap.PDF,high
GA,Georgia,EXCESS,Excess credit-hour surcharge,Not identified,,,,,,
HI,Hawaii,EXCESS,Excess credit-hour surcharge,Not identified,,,,,,
ID,Idaho,EXCESS,Excess credit-hour surcharge,Not identified,,,,,,
IL,Illinois,EXCESS,Excess credit-hour surcharge,Not identified,,,,,,
IN,Indiana,EXCESS,Excess credit-hour surcharge,Not identified,,,,,,
IA,Iowa,EXCESS,Excess credit-hour surcharge,Not identified,,,,,,
KS,Kansas,EXCESS,Excess credit-hour surcharge,Not identified,,,,,,
KY,Kentucky,EXCESS,Excess credit-hour surcharge,Not identified,,,,,,
LA,Louisiana,EXCESS,Excess credit-hour surcharge,Not identified,,,,,,
ME,Maine,EXCESS,Excess credit-hour surcharge,Not identified,,,,,,
MD,Maryland,EXCESS,Excess credit-hour surcharge,Not identified,,,,,,
MA,Massachusetts,EXCESS,Excess credit-hour surcharge,Yes,,1999.0,board policy,Massachusetts Board of Higher Education tuition surcharge policy (118% of degree credits),https://catalog.umass.edu/undergradguide/2011-2012/Page2574.html,medium
MI,Michigan,EXCESS,Excess credit-hour surcharge,Not identified,,,,,,
MN,Minnesota,EXCESS,Excess credit-hour surcharge,Not identified,,,,,,
MS,Mississippi,EXCESS,Excess credit-hour surcharge,Not identified,,,,,,
MO,Missouri,EXCESS,Excess credit-hour surcharge,Not identified,,,,,,
MT,Montana,EXCESS,Excess credit-hour surcharge,Not identified,,,,,,
NE,Nebraska,EXCESS,Excess credit-hour surcharge,Not identified,,,,,,
NV,Nevada,EXCESS,Excess credit-hour surcharge,Yes,2012.0,2014.0,board policy,"NSHE Board of Regents Handbook Title 4, Ch. 17, Sec. 4 (excess credit fee)",https://nshe.nevada.edu/wp-content/uploads/file/policycentral/11-2012416 Ref.BOR-21.pdf,high
NH,New Hampshire,EXCESS,Excess credit-hour surcharge,Not identified,,,,,,
NJ,New Jersey,EXCESS,Excess credit-hour surcharge,Not identified,,,,,,
NM,New Mexico,EXCESS,Excess credit-hour surcharge,Not identified,,,,,,
NY,New York,EXCESS,Excess credit-hour surcharge,Not identified,,,,,,
NC,North Carolina,EXCESS,Excess credit-hour surcharge,Repealed,1993.0,1994.0,session law,"G.S. 116-143.7 (S.L. 1993-321 s.89(b), as amended by S.L. 1993-769 s.17.10); repealed by S.L. 2019-68",https://policydev.ecu.edu/07/70/01,medium
ND,North Dakota,EXCESS,Excess credit-hour surcharge,Not identified,,,,,,
OH,Ohio,EXCESS,Excess credit-hour surcharge,Not identified,,,,,,
OK,Oklahoma,EXCESS,Excess credit-hour surcharge,Not identified,,,,,,
OR,Oregon,EXCESS,Excess credit-hour surcharge,Not identified,,,,,,
PA,Pennsylvania,EXCESS,Excess credit-hour surcharge,Not identified,,,,,,
RI,Rhode Island,EXCESS,Excess credit-hour surcharge,Not identified,,,,,,
SC,South Carolina,EXCESS,Excess credit-hour surcharge,Not identified,,,,,,
SD,South Dakota,EXCESS,Excess credit-hour surcharge,Not identified,,,,,,
TN,Tennessee,EXCESS,Excess credit-hour surcharge,Not identified,,,,,,
TX,Texas,EXCESS,Excess credit-hour surcharge,Yes,1997.0,1999.0,statute,Tex. Educ. Code § 54.014 and § 61.0595 (Acts 1997 75th Leg. ch. 1073; Acts 1999 ch. 6),https://texas.public.law/statutes/tex._educ._code_section_54.014,high
UT,Utah,EXCESS,Excess credit-hour surcharge,Yes,1997.0,,board policy,Utah State Board of Regents excess credit hour tuition surcharge policy,https://le.utah.gov/audit/11_15rpt.pdf,medium
VT,Vermont,EXCESS,Excess credit-hour surcharge,Not identified,,,,,,
VA,Virginia,EXCESS,Excess credit-hour surcharge,Yes,2006.0,2006.0,statute,"Va. Code § 23.1-509 (formerly § 23-7.4:F; 2006 Acts cc. 783, 797, 806)",https://law.lis.virginia.gov/vacode/title23.1/chapter5/section23.1-509/,high
WA,Washington,EXCESS,Excess credit-hour surcharge,Partial,2003.0,,statute,"RCW 28B.10.695 (ESSB 5135, ch. 407, Laws of 2003)",https://lawfilesext.leg.wa.gov/biennium/2003-04/Pdf/Bills/Session Laws/Senate/5135-S2.sl.pdf,high
WV,West Virginia,EXCESS,Excess credit-hour surcharge,Not identified,,,,,,
WI,Wisconsin,EXCESS,Excess credit-hour surcharge,Repealed,2002.0,2004.0,board policy,UW System Board of Regents Resolution 8625 (Dec 5 2002),"https://www.wisconsin.edu/regents/download/meeting_materials/2002/december/December-5,-2002-BOR-Minutes.pdf",high
WY,Wyoming,EXCESS,Excess credit-hour surcharge,Not identified,,,,,,
AL,Alabama,CORE,Transferable general-education core,Yes,1994.0,,Act 94-202 (created AGSC),Ala. Code § 16-5-8,https://www.ache.edu/index.php/articulation-and-general-studies-committee-agsc-stars,high
AK,Alaska,CORE,Transferable general-education core,Yes,1996.0,,UA Board of Regents Policy P10.04.062,Board Policy 10.04.062,https://alaska.edu/bor/policy-regulations/chapter-10-04-academic-programs.php,high
AZ,Arizona,CORE,Transferable general-education core,Yes,1996.0,1999.0,Arizona General Education Curriculum (AGEC) under statewide transfer model (legislative directive 1996),Ariz. Rev. Stat. § 15-1824,https://sites.ccsu.edu/facultysenate/files/Supporting_Documents_2011-12/Implementing_Statewide_Transfer_and_Articulation_Reform.pdf,medium
AR,Arkansas,CORE,Transferable general-education core,Yes,1989.0,,Acts 1989 No. 98 § 2 (amended Acts 2011 No. 747),Ark. Code Ann. § 6-61-218,https://law.counselstack.com/statute/ar/6-61-218,high
CA,California,CORE,Transferable general-education core,Yes,1988.0,1991.0,AB 1725 (Vasconcellos) 1988; IGETC,Cal. Educ. Code § 66720,https://icas-ca.org/wp-content/uploads/2026/01/IGETCAfterTrans_r.pdf,high
CO,Colorado,CORE,Transferable general-education core,Yes,2001.0,2003.0,HB 01-1298 (gtPathways),Colo. Rev. Stat. § 23-1-108.5,https://data.highered.colorado.gov/sites/highered/files/2020-03/pathwaysupdate.pdf,high
CT,Connecticut,CORE,Transferable general-education core,No,,,,,,
DE,Delaware,CORE,Transferable general-education core,No,,,,,,
DC,District of Columbia,CORE,Transferable general-education core,No,,,,,,
FL,Florida,CORE,Transferable general-education core,Yes,1971.0,,Statewide Articulation Agreement (now s. 1007.23 F.S.; 36-hr gen-ed core s. 1007.25),Fla. Stat. § 1007.25,https://www.fldoe.org/core/fileparse.php/5421/urlt/statewide-postsecondary-articulation-manual.pdf,high
GA,Georgia,CORE,Transferable general-education core,Yes,1967.0,1968.0,USG Board of Regents Core Curriculum,"USG Board Policy 3.3.1, 3.3.5.2",https://files.eric.ed.gov/fulltext/ED034533.pdf,medium
HI,Hawaii,CORE,Transferable general-education core,Yes,2010.0,2011.0,UH System General Education Core Transfer Agreement (May 2010),UH System Policy E5.209,https://hilo.hawaii.edu/uhh/vcaa/ArticulationAgreement/transfergenedcorerequirements.php,high
ID,Idaho,CORE,Transferable general-education core,Yes,2014.0,2015.0,State Board Policy III.N (General Education/GEM; approved April 2014); codified Idaho Code § 33-3729 (2018 ch. 96),Idaho Code Ann. § 33-3729,https://boardofed.idaho.gov/meetings/board/archive/2014/10_15_16_14/05IRSA.pdf,high
IL,Illinois,CORE,Transferable general-education core,Yes,1993.0,1998.0,Illinois Articulation Initiative (IBHE/ICCB/TCICU) General Education Core Curriculum; later IAI Act,110 ILCS 152/20,https://itransfer.org/policies/historical-documents/,high
IN,Indiana,CORE,Transferable general-education core,Yes,2012.0,2013.0,Senate Enrolled Act 182 (2012) - Statewide Transfer General Education Core,Ind. Code § 21-42-3-1 et seq.,https://www.in.gov/che/files/STGEC-Guidance-11.1.2018.pdf,high
IA,Iowa,CORE,Transferable general-education core,No,,,,,,
KS,Kansas,CORE,Transferable general-education core,Yes,2022.0,2024.0,KBOR systemwide general education policy (Policy Manual Ch. III.A.18),Board Policy Ch. 3 Section 2,https://www.kansasregents.gov/about/news-releases/2022-news-releases/837-regents-new-systemwide-general-education-program-improves-access-and-affordability-of-kansas-higher-education-system,high
KY,Kentucky,CORE,Transferable general-education core,Yes,1996.0,,CPE General Education Transfer Policy (Jan 1996); later 2004 guidelines; HB 160 (2010); revised policy June 2011,KRS 164.583,https://murraystate.edu/admissions/transfer/TransferAgreements.aspx,medium
LA,Louisiana,CORE,Transferable general-education core,Yes,2009.0,,Act 356 of 2009 (Statewide Articulation and Transfer),La. R.S. 17:3165 (Act 356 also enacted 17:3163),https://www.legis.la.gov/legis/law.aspx?d=671168,high
ME,Maine,CORE,Transferable general-education core,No,,,,,,
MD,Maryland,CORE,Transferable general-education core,Yes,1995.0,1995.0,MHEC general education and transfer policy (now COMAR 13B.06.01-.02); later SB 740 (2013),Md. Code Ann. § 11-207,https://cnsmaryland.org/1995/10/06/edcuators-hope-new-policy-makes-transfering-easier/,low
MA,Massachusetts,CORE,Transferable general-education core,Yes,2008.0,2009.0,BHE acceptance of CTAG report / MassTransfer policy (June 2008),Board Policy AAC 16-20 (MassTransfer block),https://www.mass.edu/masstransfer/about/history.asp,high
MI,Michigan,CORE,Transferable general-education core,Partial,2014.0,2014.0,voluntary statewide agreement (MACRAO / community colleges and universities),Michigan Transfer Agreement (MTA; replaced MACRAO Transfer Agreement),https://www.mitransfer.org/about,medium
MN,Minnesota,CORE,Transferable general-education core,Yes,1994.0,,interinstitutional agreement / board policy,"Minnesota Transfer Curriculum (1994 MnTC Agreement); Minnesota State Board Policy 3.21 (adopted Apr 29, 1998)",https://www.nhcc.edu/sites/default/files/2023-03/3.37MinnesotaTransferCurriculumPolicy.pdf,medium
MS,Mississippi,CORE,Transferable general-education core,Yes,2010.0,,IHL Board 30-hour core curriculum (Policy 512) in CC-IHL articulation agreement,IHL Board Policy Section 517,https://www.theeduledger.com/institutions/community-colleges/article/15089603/mississippi-two-year-and-four-year-colleges-agree-on-required-transfer-courses,low
MO,Missouri,CORE,Transferable general-education core,Yes,1987.0,2018.0,CBHE 42-hour general education block (credit transfer policy); SB 997 (2016) Higher Education Core Transfer Curriculum Act; CORE 42,Mo. Rev. Stat. § 173.005(9); § 178.785,https://files.eric.ed.gov/fulltext/ED297677.pdf,medium
MT,Montana,CORE,Transferable general-education core,Yes,1996.0,,BOR Item 89-001-R1195 General Education Transfer Policy (Mar 29 1996); Policy 301.10 (May 20 2005; rev. Nov 2007),Board Policy 301.10,https://www.mus.edu/board/meetings/Archives/ITEM127-102-R0505ATT.htm,high
NE,Nebraska,CORE,Transferable general-education core,No,,,,,,
NV,Nevada,CORE,Transferable general-education core,Yes,1997.0,,NRS 396.568 (Stats. 1997 p. 1475; amended 2003 2005); Board of Regents Handbook Title 4 Ch. 14 Sec. 16,"Board of Regents Title 4, Ch. 14, Sec. 16; NRS 396.568",https://law.justia.com/codes/nevada/chapter-396/statute-396-568/,medium
NH,New Hampshire,CORE,Transferable general-education core,No,,,,,,
NJ,New Jersey,CORE,Transferable general-education core,Yes,2007.0,2008.0,L.2007 c.175 (Lampitt Law) - Statewide Transfer Agreement,N.J. Rev. Stat. § 18A:62-46,https://law.justia.com/codes/new-jersey/title-18a/section-18a-62-46/,high
NM,New Mexico,CORE,Transferable general-education core,Yes,2005.0,,SB 161 (2005) common core of general education guaranteed to transfer,N.M. Stat. Ann. § 21-1B-3,https://files.eric.ed.gov/fulltext/ED613451.pdf,medium
NY,New York,CORE,Transferable general-education core,Partial,2012.0,,SUNY Board of Trustees resolution,SUNY Trustees Resolution 2012-089 (Seamless Transfer Requirements); SUNY GER (Res. 98-241); MTP Vol. 13 No. 3 (June 2013),https://system.suny.edu/media/suny/content-assets/documents/academic-affairs/Seamless-Transfer-Final2BOT-12-4-12.pdf,medium
NC,North Carolina,CORE,Transferable general-education core,Yes,1996.0,1997.0,Comprehensive Articulation Agreement (per S.L. 1995 HB 739/SB 1161; approved by UNC BOG and SBCC Feb 1996),Comprehensive Articulation Agreement,https://ubac.ecu.edu/wp-content/pv-uploads/sites/374/2021/02/Comprehensive_Articulation_Agreement.pdf,high
ND,North Dakota,CORE,Transferable general-education core,Yes,1994.0,,NDUS General Education Requirement Transfer Agreement (GERTA),Board Policy 403.7 (GERTA); 412,https://s3.cdn.ndus.edu/ndus-web/media/GERTA-Guide-2026.pdf,high
OH,Ohio,CORE,Transferable general-education core,Yes,1990.0,,Ohio Articulation and Transfer Policy / Ohio Transfer Module (directed by 118th GA),Board Policy D.2.a (Ohio Transfer 36 / OTM),https://sites.ccsu.edu/facultysenate/files/Supporting_Documents_2011-12/Implementing_Statewide_Transfer_and_Articulation_Reform.pdf,medium
OK,Oklahoma,CORE,Transferable general-education core,Yes,1979.0,,OSRHE Policy 3.11 Undergraduate Transfer and Articulation (approved May 1979),Board Policy 3.11.4,https://okhighered.org/wp-content/uploads/2026/07/Chapter-3-2026.pdf,high
OR,Oregon,CORE,Transferable general-education core,Yes,2005.0,,Oregon Transfer Module (OTM; 2004-05); later HB 2998 (2017 ch. 669) foundational curricula / Core Transfer Maps,"OAR 350.400, 350.404",https://pages.uoregon.edu/uosenate/dirsen045/UGCFinalReport2004-5.html,medium
PA,Pennsylvania,CORE,Transferable general-education core,Yes,1999.0,1999.0,PASSHE Board Policy 1999-01-A; Act 114 of 2006 (TAOC 30-Credit Transfer Framework),Policy 1999-01-A (30-Credit Transfer Framework),https://www.ship.edu/globalassets/gec/passhe_academicpassportpolicy_1999-01-14.pdf,high
RI,Rhode Island,CORE,Transferable general-education core,No,,,,,,
SC,South Carolina,CORE,Transferable general-education core,Yes,1995.0,,1995 Act No. 137 § 2 (CHE to establish transferability procedures); Statewide Articulation Agreement (86 courses),SC Transfer and Articulation Center policy (86 courses),https://law.justia.com/codes/south-carolina/title-59/chapter-103/section-59-103-45/,medium
SD,South Dakota,CORE,Transferable general-education core,Yes,1998.0,,SL 1998 ch. 99 § 1,SDCL § 13-53-43; Board Policy 2:5,https://law.justia.com/codes/south-dakota/title-13/chapter-53/section-13-53-43/,high
TN,Tennessee,CORE,Transferable general-education core,Yes,2010.0,2011.0,Complete College Tennessee Act of 2010,Tenn. Code Ann. § 49-7-202(2A),https://www.tn.gov/content/dam/tn/thec/cm/2011/CMFall2011_II.D.%20Articulation%20and%20Transfer%20Report.pdf,high
TX,Texas,CORE,Transferable general-education core,Yes,1997.0,,Acts 1997 75th Leg. ch. 1016 (SB 148),Tex. Educ. Code § 61.822,https://law.justia.com/codes/texas/education-code/title-3/subtitle-b/chapter-61/subchapter-s/section-61-822/,high
UT,Utah,CORE,Transferable general-education core,Yes,1997.0,1998.0,Board of Regents policy R465 (General Education),Board Policy R470-7.1.2,https://web.archive.org/web/19970703071217/http://www.utahsbr.edu/policy/r465.htm,high
VT,Vermont,CORE,Transferable general-education core,No,,,,,,
VA,Virginia,CORE,Transferable general-education core,Yes,2005.0,,2005 Acts c. 818 (§ 23-9.2:3.02); recodified § 23.1-907; Passport/Uniform Certificate of General Studies added by later amendments,Va. Code Ann. § 23-9.2:3.02 (now 23.1-907),https://law.lis.virginia.gov/vacode/title23.1/chapter9/section23.1-907/,medium
WA,Washington,CORE,Transferable general-education core,Yes,1994.0,,ICRC Direct Transfer Agreement (common GE core); RCW 28B.10.696 (2011 1st sp.s. c 10 § 11),RCW 28B.10.696,https://sites.ccsu.edu/facultysenate/files/Supporting_Documents_2011-12/Implementing_Statewide_Transfer_and_Articulation_Reform.pdf,medium
WV,West Virginia,CORE,Transferable general-education core,Yes,1994.0,1994.0,HEPC/predecessor statewide Core Coursework Transfer Agreement,Procedural Rule 133-17-3.2.k,https://www.wvhepc.edu/wp-content/uploads/2018/08/2018-2019-CCTA.pdf,medium
WI,Wisconsin,CORE,Transferable general-education core,Yes,2013.0,2022.0,2013 Wis. Act 20 (s. 36.31(2m) core GE transfer agreement); amended 2019 Acts 46 and 147 (72 credits from 2022-23),Wis. Stat. § 36.31 (agreement from 2022-23),https://law.justia.com/codes/wisconsin/chapter-36/section-36-31/,medium
WY,Wyoming,CORE,Transferable general-education core,No,,,,,,
AL,Alabama,CCN,Common course numbering,No,,,,,,
AK,Alaska,CCN,Common course numbering,No,,,,,,
AZ,Arizona,CCN,Common course numbering,Yes,2010.0,,session law,"SB 1186 (2010); Ariz. Rev. Stat. § 15-1824 (shared numbering system, SUN)",https://www.manula.com/manuals/aztransfer/handbook-policy-manual/1/en/topic/shared-unique-number-sun-system,medium
AR,Arkansas,CCN,Common course numbering,Yes,2011.0,2013.0,statute,"Act 747 of 2011; Ark. Code Ann. § 6-61-1401; AHECB resolution 4/27/2012 adopting ACTS gen-ed courses as the CCNS effective July 1, 2013",https://adhe.edu/institutions/arkansas-common-course-numbering-system,high
CA,California,CCN,Common course numbering,Partial,2021.0,,statute,"AB 1111 (2021); Cal. Educ. Code §§ 66725.3, 66725.5",https://california.public.law/codes/ca_educ_code_section_66725.5,medium
CO,Colorado,CCN,Common course numbering,Yes,2001.0,2003.0,session law,"2001 Colo. Sess. Laws ch. 279 (HB 01-1298, 'Berry Bill'); Colo. Rev. Stat. § 23-1-108.5",https://scholar.law.colorado.edu/session-laws-2001-2050/316/,high
CT,Connecticut,CCN,Common course numbering,No,,,,,,
DE,Delaware,CCN,Common course numbering,No,,,,,,
DC,District of Columbia,CCN,Common course numbering,No,,,,,,
FL,Florida,CCN,Common course numbering,Yes,1971.0,1976.0,statute / statewide articulation agreement,Fla. Stat. § 1007.24 (Statewide Course Numbering System); 1971 Statewide Articulation Agreement,https://www.fldoe.org/core/fileparse.php/5421/urlt/statewide-postsecondary-articulation-manual.pdf,medium
GA,Georgia,CCN,Common course numbering,No,,,,,,
HI,Hawaii,CCN,Common course numbering,No,,,,,,
ID,Idaho,CCN,Common course numbering,Yes,2018.0,,board policy,State Board of Education Policy III.N.6.b (common course indexing within GEM; 2nd reading approved Oct 2018),https://boardofed.idaho.gov/meetings/board/archive/2020/102120/07IRSA.pdf,high
IL,Illinois,CCN,Common course numbering,No,,,,,,
IN,Indiana,CCN,Common course numbering,Yes,2012.0,,session law,SEA 182 (2012); Ind. Code § 21-18-9-7 (per ECS),https://retrocombs.com/higher-education/2013/01/15/Indiana-legislation-all-faculty-should-understand.html,medium
IA,Iowa,CCN,Common course numbering,No,,,,,,
KS,Kansas,CCN,Common course numbering,Yes,2012.0,2014.0,board policy,"Board Policy Ch. III, Sec. A (Transfer and Articulation; KRSN = Kansas Regents Shared Number); TAAC authorized June 2012",https://www.kansasregents.gov/resources/PDF/Academic_Affairs/TAAC/2022_KCOG_Annual_Report.pdf,medium
KY,Kentucky,CCN,Common course numbering,No,,,,,,
LA,Louisiana,CCN,Common course numbering,Yes,2009.0,,statute,"Acts 2009, No. 356; La. R.S. 17:3164 (amended Acts 2012 No. 623; Acts 2022 No. 308)",https://legis.la.gov/Legis/Law.aspx?d=671175,high
ME,Maine,CCN,Common course numbering,No,,,,,,
MD,Maryland,CCN,Common course numbering,No,,,,,,
MA,Massachusetts,CCN,Common course numbering,No,,,,,,
MI,Michigan,CCN,Common course numbering,No,,,,,,
MN,Minnesota,CCN,Common course numbering,Yes,1985.0,,statute,Minn. Stat. § 135A.08 (per ECS 2022),https://www.revisor.mn.gov/laws/1985/1/11/,high
MS,Mississippi,CCN,Common course numbering,No,,,,,,
MO,Missouri,CCN,Common course numbering,Yes,2016.0,2018.0,statute,SB 997 (2016); Mo. Rev. Stat. § 178.780(10) (common course numbering equivalency matrix); §§ 178.785-178.789,https://revisor.mo.gov/main/OneSection.aspx?section=178.780,high
MT,Montana,CCN,Common course numbering,No,,,,,,
NE,Nebraska,CCN,Common course numbering,No,,,,,,
NV,Nevada,CCN,Common course numbering,Yes,,,board policy,"NSHE Board of Regents Handbook Title 4, Ch. 14, Sec. 17 (per ECS 2022)",,low
NH,New Hampshire,CCN,Common course numbering,No,,,,,,
NJ,New Jersey,CCN,Common course numbering,No,,,,,,
NM,New Mexico,CCN,Common course numbering,Yes,2015.0,,statute,"N.M. Stat. Ann. § 21-1B-3 (statewide CCN by Aug 1, 2017 per ECS)",https://files.eric.ed.gov/fulltext/ED613451.pdf,medium
NY,New York,CCN,Common course numbering,No,,,,,,
NC,North Carolina,CCN,Common course numbering,Yes,1995.0,1997.0,session law,"HB 739 / SB 1161 (1995 Session) -> NCCCS common course numbering (Combined Course Library) by June 1, 1997; UNC Policy 400.1.5 (2022-23, per ECS)",https://ubac.ecu.edu/wp-content/pv-uploads/sites/374/2021/02/Comprehensive_Articulation_Agreement.pdf,medium
ND,North Dakota,CCN,Common course numbering,Yes,,,board policy,SBHE Policy 403.7.3; Policy 412 (per ECS 2022),,low
OH,Ohio,CCN,Common course numbering,No,,,,,,
OK,Oklahoma,CCN,Common course numbering,No,,,,,,
OR,Oregon,CCN,Common course numbering,Yes,2021.0,2023.0,session law,"SB 233 (2021), Or. Laws 2021 ch. 575; OAR 350.429 (per ECS)",https://olis.oregonlegislature.gov/liz/2021R1/Measures/Overview/SB233,high
PA,Pennsylvania,CCN,Common course numbering,No,,,,,,
RI,Rhode Island,CCN,Common course numbering,No,,,,,,
SC,South Carolina,CCN,Common course numbering,No,,,,,,
SD,South Dakota,CCN,Common course numbering,Yes,1995.0,1997.0,Board of Regents Policy 2:8 (Levels and Numbering of and Enrollment in Courses),Board of Regents Policy 2:8 (per ECS 2022),https://web.archive.org/web/20040127123228/http://www.sdbor.edu/policy/2-Academic_Affairs/2-8.doc,high
TN,Tennessee,CCN,Common course numbering,Yes,2010.0,2011.0,statute,Complete College Tennessee Act of 2010; Tenn. Code Ann. § 49-7-202 (ECS cites (3A)),https://www.tn.gov/content/dam/tn/thec/cm/2011/CMFall2011_II.D.%20Articulation%20and%20Transfer%20Report.pdf,medium
TX,Texas,CCN,Common course numbering,Yes,2003.0,,statute,"Acts 2003, 78th Leg., ch. 820, § 27; Tex. Educ. Code § 61.832",https://texas.public.law/statutes/tex._educ._code_section_61.832,high
UT,Utah,CCN,Common course numbering,Yes,1970.0,,Board of Regents policy R472 (Course Numbering),Utah Code Ann. § 53B-16-105 (current text last amended 2023 Gen. Sess. ch. 254),https://web.archive.org/web/19970703071234/http://www.utahsbr.edu/policy/r472.htm,medium
VT,Vermont,CCN,Common course numbering,No,,,,,,
VA,Virginia,CCN,Common course numbering,No,,,,,,
WA,Washington,CCN,Common course numbering,No,,,,,,
WV,West Virginia,CCN,Common course numbering,No,,,,,,
WI,Wisconsin,CCN,Common course numbering,No,,,,,,
WY,Wyoming,CCN,Common course numbering,Yes,1991.0,,statute,"Wyo. Stat. Ann. § 21-18-202(a)(vi); originally SF 266 (1991), SEA 121, 1991 Session Laws ch. 228 (former W.S. 21-17-108)",https://wyoleg.gov/InterimCommittee/2023/02-20231212057-WCCC-094-CCNSUpdateReport.pdf,medium
AL,Alabama,AAGUAR,Guaranteed associate-degree transfer,No,,,,,,
AK,Alaska,AAGUAR,Guaranteed associate-degree transfer,No,,,,,,
AZ,Arizona,AAGUAR,Guaranteed associate-degree transfer,Partial,1996.0,,statute / joint policy,"Arizona Transfer System transfer associate degrees (AA, AS, ABus, AAEE) with embedded AGEC; A.R.S. § 15-1824",https://sites.ccsu.edu/facultysenate/files/Supporting_Documents_2011-12/Implementing_Statewide_Transfer_and_Articulation_Reform.pdf,low
AR,Arkansas,AAGUAR,Guaranteed associate-degree transfer,Yes,2011.0,2012.0,statute,Ark. Code Ann. § 6-61-231 (Act 747 of 2011),https://static.ark.org/eeuploads/adhe/21_-_ARKANSAS_TRANSFER_SYSTEM.pdf,high
CA,California,AAGUAR,Guaranteed associate-degree transfer,Yes,2010.0,,statute,"SB 1440 (2010), Student Transfer Achievement Reform Act; Cal. Educ. Code § 66745 et seq.",https://files.eric.ed.gov/fulltext/ED613451.pdf,medium
CO,Colorado,AAGUAR,Guaranteed associate-degree transfer,Yes,2010.0,2011.0,statute,HB 10-1208 and SB 10-088; C.R.S. § 23-1-108(7),https://highered.colorado.gov/transfer-agreements,high
CT,Connecticut,AAGUAR,Guaranteed associate-degree transfer,No,,,,,,
DE,Delaware,AAGUAR,Guaranteed associate-degree transfer,No,,,,,,
DC,District of Columbia,AAGUAR,Guaranteed associate-degree transfer,No,,,,,,
FL,Florida,AAGUAR,Guaranteed associate-degree transfer,Yes,1971.0,,agreement,"Statewide Articulation Agreement (1971), now codified at Fla. Stat. § 1007.23",https://www.fldoe.org/core/fileparse.php/5421/urlt/statewide-postsecondary-articulation-manual.pdf,high
GA,Georgia,AAGUAR,Guaranteed associate-degree transfer,Yes,1967.0,1968.0,board policy,"USG Board Policy 3.8.2, 3.3.5.1 (ECS); core curriculum policy 3.3.1",https://files.eric.ed.gov/fulltext/ED034533.pdf,medium
HI,Hawaii,AAGUAR,Guaranteed associate-degree transfer,Yes,,,board policy,UH Executive Policy E5.209 (Student Transfer and Inter-Campus Articulation),https://www.hawaii.edu/policy/archives/ep/e5/acaf.php,
ID,Idaho,AAGUAR,Guaranteed associate-degree transfer,Yes,2018.0,,statute,Idaho Code § 33-3729 (2018 ch. 96 § 3; amended and redesignated 2019 ch. 161 § 4),https://legislature.idaho.gov/statutesrules/idstat/Title33/T33CH37/SECT33-3729,medium
IL,Illinois,AAGUAR,Guaranteed associate-degree transfer,Yes,2015.0,2016.0,statute,"110 ILCS 150 (Student Transfer Achievement Reform Act, P.A. 99-316, eff. 1-1-2016)",https://www.ilga.gov/legislation/ilcs/ilcs3.asp?ActID=3655,high
IN,Indiana,AAGUAR,Guaranteed associate-degree transfer,Yes,2013.0,2015.0,statute,"Ind. Code § 21-42-6-4 (P.L.120-2013, Sec. 10)",https://law.justia.com/codes/indiana/2016/title-21/article-42/chapter-6/,high
IA,Iowa,AAGUAR,Guaranteed associate-degree transfer,Yes,1981.0,,agreement,Regent universities–community colleges AA articulation agreement; Iowa Code § 260C.14(22),https://www.iowaregents.edu/media/cms/2025_report_773B8C1064A8D.pdf,high
KS,Kansas,AAGUAR,Guaranteed associate-degree transfer,Yes,2004.0,,board policy,KBOR Transfer and Articulation Policy (Board Policy Ch. III),https://www.kansasregents.gov/resources/PDF/2326-TransferandArticulationPolicy.pdf,high
KY,Kentucky,AAGUAR,Guaranteed associate-degree transfer,Yes,2010.0,,statute,"KRS 164.2951 (2010 Ky. Acts ch. 108, HB 160)",https://apps.legislature.ky.gov/record/10rs/HB160.htm,high
LA,Louisiana,AAGUAR,Guaranteed associate-degree transfer,Yes,2009.0,,statute,"La. R.S. 17:3163 (Acts 2009, No. 356)",https://legis.la.gov/Legis/Law.aspx?d=671168,high
ME,Maine,AAGUAR,Guaranteed associate-degree transfer,Yes,2013.0,,statute,"20-A M.R.S. § 10907-A (PL 2013, c. 368, Pt. EEEEE, § 1)",https://legislature.maine.gov/statutes/20-A/title20-Asec10907-A.html,high
MD,Maryland,AAGUAR,Guaranteed associate-degree transfer,Yes,2013.0,2016.0,statute,"Md. Code Educ. § 11-207 (SB 740, College and Career Readiness and College Completion Act of 2013)",https://www.dllr.state.md.us/p20/p20readinesssb740.pdf,high
MA,Massachusetts,AAGUAR,Guaranteed associate-degree transfer,Yes,1974.0,2009.0,agreement,"Commonwealth Transfer Compact (1974); MassTransfer (BHE 2008, eff. AY2010); MassTransfer Pathways MOU (ECS citation)",https://www.mass.edu/masstransfer/about/history.asp,high
MI,Michigan,AAGUAR,Guaranteed associate-degree transfer,No,,,,,,
MN,Minnesota,AAGUAR,Guaranteed associate-degree transfer,No,,,,,,
MS,Mississippi,AAGUAR,Guaranteed associate-degree transfer,Yes,,,agreement,IHL Board Policy 517; MS community/junior college–IHL articulation agreement,https://www.deltastate.edu/PDFFiles/Registrar/articulation-agreement-2014-15_final.pdf,
MO,Missouri,AAGUAR,Guaranteed associate-degree transfer,Yes,1987.0,,board policy,Mo. Ann. Stat. § 178.785-178.789 (ECS); CBHE Credit Transfer policy,https://files.eric.ed.gov/fulltext/ED297677.pdf,medium
MT,Montana,AAGUAR,Guaranteed associate-degree transfer,No,,,,,,
NE,Nebraska,AAGUAR,Guaranteed associate-degree transfer,No,,,,,,
NV,Nevada,AAGUAR,Guaranteed associate-degree transfer,Yes,2005.0,,statute,"NRS 396.568 (AB 280, 2005, § 8); Board of Regents Title 4, Ch. 14, Sec. 16",https://archive.leg.state.nv.us/Session/73rd2005/bills/AB/AB280_EN.pdf,medium
NH,New Hampshire,AAGUAR,Guaranteed associate-degree transfer,No,,,,,,
NJ,New Jersey,AAGUAR,Guaranteed associate-degree transfer,Yes,2007.0,2008.0,statute,"N.J.S.A. 18A:62-46 (P.L.2007, c.175, 'Lampitt Law')",https://njlaw.rutgers.edu/collections/njleg/2007/2007-175.pdf,high
NM,New Mexico,AAGUAR,Guaranteed associate-degree transfer,Yes,1995.0,,statute,"N.M. Stat. Ann. § 21-1B-3 (Laws 1995, ch. 224, § 3; amended Laws 2005 SB 161 and 2017)",https://www.nmlegis.gov/sessions/05%20Regular/final/SB0161.html,medium
NY,New York,AAGUAR,Guaranteed associate-degree transfer,No,,,,,,
NC,North Carolina,AAGUAR,Guaranteed associate-degree transfer,Yes,1996.0,1997.0,agreement,Comprehensive Articulation Agreement (directed by 1995 HB 739 / SB 1161),https://ubac.ecu.edu/wp-content/pv-uploads/sites/374/2021/02/Comprehensive_Articulation_Agreement.pdf,high
ND,North Dakota,AAGUAR,Guaranteed associate-degree transfer,No,,,,,,
OH,Ohio,AAGUAR,Guaranteed associate-degree transfer,Yes,1990.0,,board policy,Ohio Articulation and Transfer Policy (Board of Regents per 118th GA directive); now Ohio Rev. Code § 3333.16,https://catalog.kent.edu/academic-policies/ohio-articulation-transfer-policy/ohio-articulation-transfer-policy.pdf,medium
OK,Oklahoma,AAGUAR,Guaranteed associate-degree transfer,Yes,1975.0,,board policy,OSRHE State System articulation policy (now Board Policy 3.11.4.D),https://www.noc.edu/?p=10651,medium
OR,Oregon,AAGUAR,Guaranteed associate-degree transfer,Yes,1988.0,,agreement,"AAOT degree standards (HB 2913 Committee, 1988); HECC OAR 589-006-0050(6)",https://apps.oregonlegislature.gov/liz/2015R1/Downloads/CommitteeMeetingDocument/69378,medium
PA,Pennsylvania,AAGUAR,Guaranteed associate-degree transfer,Yes,2009.0,,statute,24 P.S. § 20-2002-C (Article XX-C added by Act 114 of 2006; AA/AS junior-standing requirement by Act 50 of 2009),https://patrac.org/Portals/6/PAFiles/TAOC_GeneralStatewideAgreement_DRAFT_032411.pdf,medium
RI,Rhode Island,AAGUAR,Guaranteed associate-degree transfer,Yes,2003.0,,agreement,Joint Admissions Agreement CCRI–RIC–URI (RIOPC Policy S-12),https://riopc.edu/policies/joint-admissions-agreement-community-college-of-rhode-island-rhode-island-college-and-university-of-rhode-island/,high
SC,South Carolina,AAGUAR,Guaranteed associate-degree transfer,Yes,2021.0,2022.0,session law,"Proviso 117.152 of 2021-22 Appropriations Act (continued as Proviso 117.139, 2022-23); CHE Public Two-Year and Four-Year Transfer Policy (May 2022)",https://www.che.sc.gov/sites/che/files/Documents/CHE%20Data%20and%20Reports/2023.04.28%20Proviso%20117.139%20CHE%20Transfer%20Report%20FINAL.pdf,high
SD,South Dakota,AAGUAR,Guaranteed associate-degree transfer,Yes,1997.0,,Board of Regents Policy 2:26 (Associate Degree General Education Requirements),SDBOR Board Policy 2:26 (ECS citation; now renumbered),https://web.archive.org/web/20040129000138/http://www.sdbor.edu/policy/2-Academic_Affairs/2-26.doc,medium
TN,Tennessee,AAGUAR,Guaranteed associate-degree transfer,Yes,2010.0,2011.0,statute,Tenn. Code Ann. § 49-7-202 (Complete College Tennessee Act of 2010),https://www.tn.gov/content/dam/tn/thec/cm/2011/CMFall2011_II.D.%20Articulation%20and%20Transfer%20Report.pdf,high
TX,Texas,AAGUAR,Guaranteed associate-degree transfer,Partial,1997.0,,statute,"Tex. Educ. Code § 61.823 (SB 148, 75th Leg., 1997): core curriculum and field-of-study curricula",https://www.lrl.texas.gov/scanned/hroBillAnalyses/75-0/SB148.PDF,medium
UT,Utah,AAGUAR,Guaranteed associate-degree transfer,Yes,1982.0,,Board of Regents policy R471 (Transfer of Credit),USHE Board Policy R470 (R470-7.2.2),https://web.archive.org/web/19970703071227/http://www.utahsbr.edu/policy/r471.htm,high
VT,Vermont,AAGUAR,Guaranteed associate-degree transfer,No,,,,,,
VA,Virginia,AAGUAR,Guaranteed associate-degree transfer,Yes,1991.0,,board policy,SCHEV State Policy on College Transfer,https://api.ies.ed.gov/eric/?search=id:ED339441,medium
WA,Washington,AAGUAR,Guaranteed associate-degree transfer,Yes,1971.0,,agreement,"ICRC Direct Transfer Agreement associate degree guidelines (1971); CPE Policy on Intercollege Transfer and Articulation (Dec 4, 1984); HECB policy (Feb 18, 1986); RCW 28B.10.696 (ECS)",https://www.bellevuecollege.edu/wp-content/uploads/sites/167/2021/07/2020-Final-Revised-ICRC-Handbook-12.20.pdf,high
WV,West Virginia,AAGUAR,Guaranteed associate-degree transfer,Yes,,,board policy,"HEPC Procedural Rule Title 133, Series 17 (§ 3.2.g)",https://www.wvhepc.edu/wp-content/uploads/2015/11/HEPC-Series17-FinalFileSOS-2015-11-24.pdf,
WI,Wisconsin,AAGUAR,Guaranteed associate-degree transfer,Yes,1973.0,,board policy,"UW System Regent Policy Document 7-1, Undergraduate Transfer Policy (Res. 429, 03/09/1973)",https://www.wisconsin.edu/regents/policies/university-of-wisconsin-system-undergraduate-transfer-policy/,low
WY,Wyoming,AAGUAR,Guaranteed associate-degree transfer,Yes,2001.0,2001.0,agreement,Wyoming Community College Articulation Agreement (ECS citation); UW–Wyoming Community Colleges Articulation Agreement,https://www.uwyo.edu/accreditation/_files/archive/articulation_agreement_uw-wycc.pdf,medium
AL,Alabama,REVERSE,Reverse transfer,Yes,2016.0,,statewide agreement,MOU (ACCS and universities),https://www.accs.edu/blog/2016/01/21/approval-of-consolidation-2/,medium
AK,Alaska,REVERSE,Reverse transfer,No,,,,,,
AZ,Arizona,REVERSE,Reverse transfer,No,,,,,,
AR,Arkansas,REVERSE,Reverse transfer,No,,,,,,
CA,California,REVERSE,Reverse transfer,No,,,,,,
CO,Colorado,REVERSE,Reverse transfer,Yes,2012.0,2013.0,statute,C.R.S. § 23-1-131,https://files.eric.ed.gov/fulltext/ED556470.pdf,medium
CT,Connecticut,REVERSE,Reverse transfer,No,,,,,,
DE,Delaware,REVERSE,Reverse transfer,No,,,,,,
DC,District of Columbia,REVERSE,Reverse transfer,No,,,,,,
FL,Florida,REVERSE,Reverse transfer,Yes,2019.0,,statute,"s. 1007.23, Fla. Stat. (2019 amendment); ECS cites s. 1007.25",https://www.flbog.edu/wp-content/uploads/Full_Board_ASA_Proposed-Reverse-Transfer-Statewide-Articulation-Agreement_ai_CE.pdf,high
GA,Georgia,REVERSE,Reverse transfer,No,,,,,,
HI,Hawaii,REVERSE,Reverse transfer,Yes,2016.0,,board policy,UHCC Policy 5.206,https://uhcc.hawaii.edu/ovpcc/resources/policies/uhcc-policy-5-206.php,high
ID,Idaho,REVERSE,Reverse transfer,No,,,,,,
IL,Illinois,REVERSE,Reverse transfer,Yes,2018.0,2019.0,statute,110 ILCS 150/23 (P.A. 100-824),https://www.ilga.gov/legislation/ilcs/fulltext.asp?DocName=011001500K23,high
IN,Indiana,REVERSE,Reverse transfer,Yes,2024.0,,statute,IC 21-41-13 (Senate Enrolled Act 8 of 2024),https://legiscan.com/IN/text/SB0008/id/2953969/Indiana-2024-SB0008-Enrolled.pdf,high
IA,Iowa,REVERSE,Reverse transfer,Yes,2011.0,,statewide agreement,Reverse Credit Transfer Agreement,https://www.iowaregents.edu/news/board-news/board-of-regents-announces-reverse-credit-transfer-agreement-with-iowas-community-colleges,medium
KS,Kansas,REVERSE,Reverse transfer,Yes,2014.0,2014.0,board policy,"KBOR Board Policy Manual Ch. III, Sec. A.3 (Reverse Transfer Agreements)",https://kansasregents.gov/resources/PDF/Academic_Affairs/Reverse_Transfer/2024_Systemwide_Reverse_Transfer_Procedures_-_Final_12182024.pdf,high
KY,Kentucky,REVERSE,Reverse transfer,No,,,,,,
LA,Louisiana,REVERSE,Reverse transfer,Yes,2015.0,,statute,La. R.S. 17:3161.1 (Acts 2015 No. 233),https://law.justia.com/codes/louisiana/revised-statutes/title-17/rs-17-3161-1/,high
ME,Maine,REVERSE,Reverse transfer,Yes,2013.0,,statute,20-A M.R.S. § 10907-A (P.L. 2013 c. 368 Pt. EEEEE),https://legislature.maine.gov/statutes/20-A/title20-Asec10907-A.html,high
MD,Maryland,REVERSE,Reverse transfer,Yes,2013.0,2016.0,statute,"Md. Code, Educ. § 11-207 (SB 740, Ch. 533 of 2013)",https://www.dllr.state.md.us/p20/p20readinesssb740.pdf,high
MA,Massachusetts,REVERSE,Reverse transfer,Yes,2016.0,2017.0,board policy,BHE Board Policy AAC 17-08,https://www.mass.edu/bhe/lib/documents/AAC/AAC 17-08 Statewide Reverse Transfer Policy.pdf,high
MI,Michigan,REVERSE,Reverse transfer,Yes,2012.0,,statute,Public Act 201 of 2012; now MCL 388.1810d,https://files.eric.ed.gov/fulltext/ED556470.pdf,medium
MN,Minnesota,REVERSE,Reverse transfer,No,,,,,,
MS,Mississippi,REVERSE,Reverse transfer,Yes,,,board policy,MS Board of Trustees (IHL) policy,https://www.mississippi.edu/student-parent-resources/reverse-transfer,medium
MO,Missouri,REVERSE,Reverse transfer,Yes,2012.0,,statute,Mo. Rev. Stat. § 173.005.2(9) (HB 1042 of 2012),https://revisor.mo.gov/main/OneSection.aspx?section=173.005,high
MT,Montana,REVERSE,Reverse transfer,No,,,,,,
NE,Nebraska,REVERSE,Reverse transfer,No,,,,,,
NV,Nevada,REVERSE,Reverse transfer,Yes,2011.0,,board policy,"NSHE Board of Regents Handbook Title 4, Ch. 14, Sec. 19",https://nshe.nevada.edu/wp-content/uploads/file/BoardOfRegents/Handbook/title4/T4-CH14 NSHE Planning Program Review Articulation and Enrollment Policies.pdf,high
NH,New Hampshire,REVERSE,Reverse transfer,No,,,,,,
NJ,New Jersey,REVERSE,Reverse transfer,Yes,2017.0,,statute,N.J.S.A. 18A:62-46.1 (L.2017 c.130),https://law.justia.com/codes/new-jersey/title-18a/section-18a-62-46-1/,high
NM,New Mexico,REVERSE,Reverse transfer,No,,,,,,
NY,New York,REVERSE,Reverse transfer,No,,,,,,
NC,North Carolina,REVERSE,Reverse transfer,No,,,,,,
ND,North Dakota,REVERSE,Reverse transfer,No,,,,,,
OH,Ohio,REVERSE,Reverse transfer,Yes,,,board policy,ODHE Board Policy D.2.k (Credit When It's Due),,medium
OK,Oklahoma,REVERSE,Reverse transfer,No,,,,,,
OR,Oregon,REVERSE,Reverse transfer,Yes,2011.0,,statute,ORS 350.395 (formerly ORS 341.430),https://files.eric.ed.gov/fulltext/ED556470.pdf,medium
PA,Pennsylvania,REVERSE,Reverse transfer,Yes,2016.0,2016.0,board policy,PASSHE Board Policy 1999-01-A,https://www.passhe.edu/news/releases/16-3-30Transfer.html,medium
RI,Rhode Island,REVERSE,Reverse transfer,Yes,2016.0,,board policy,RIPOC policy S15,https://riopc.edu/wp-content/uploads/2023/01/Reverse_Transfer_policy_passed_072716.pdf,high
SC,South Carolina,REVERSE,Reverse transfer,No,,,,,,
SD,South Dakota,REVERSE,Reverse transfer,No,,,,,,
TN,Tennessee,REVERSE,Reverse transfer,Yes,2012.0,,statute,Tenn. Code Ann. § 49-7-150 (HB 2827 of 2012),https://www.tn.gov/content/dam/tn/tnreversetransfer/documents/resources/2018-Policy-TN-RT-FINAL_7.26.pdf,high
TX,Texas,REVERSE,Reverse transfer,Yes,2011.0,,statute,Tex. Educ. Code § 61.833 (HB 3025 of 2011),https://texas.public.law/statutes/tex._educ._code_section_61.833,high
UT,Utah,REVERSE,Reverse transfer,No,,,,,,
VT,Vermont,REVERSE,Reverse transfer,No,,,,,,
VA,Virginia,REVERSE,Reverse transfer,No,,,,,,
WA,Washington,REVERSE,Reverse transfer,Yes,2016.0,,board policy,"SBCTC Policy Manual 4.30.30; SSB 6354, ch. 19, Laws of 2016 1st sp. sess.",https://lawfilesext.leg.wa.gov/biennium/2015-16/Pdf/Bills/Session%20Laws/Senate/6354-S.SL.pdf,high
WV,West Virginia,REVERSE,Reverse transfer,Yes,2015.0,,board policy,"WV HEPC/CTCS Procedural Rule (133 CSR 60; parallel CTC rule 135 CSR 60), West Virginia Reverse Transfer Program",https://www.wvhepc.edu/resources/rules-and-policies/,high
WI,Wisconsin,REVERSE,Reverse transfer,Yes,,,board policy,UW System Administrative Policy 135 (Undergraduate Transfer Policy; formerly ACIS 6.0),https://www.wisconsin.edu/uw-policies/uw-system-administrative-policies/uw-system-undergraduate-transfer-policy/,medium
WY,Wyoming,REVERSE,Reverse transfer,No,,,,,,
AL,Alabama,PACKAGE,Transferable credit package,Not identified,,,,,,
AK,Alaska,PACKAGE,Transferable credit package,Not identified,,,,,,
AZ,Arizona,PACKAGE,Transferable credit package,Yes,1996.0,1999.0,statute / joint policy,"Arizona General Education Curriculum (AGEC, 35 credits); A.R.S. § 15-1824",https://sites.ccsu.edu/facultysenate/files/Supporting_Documents_2011-12/Implementing_Statewide_Transfer_and_Articulation_Reform.pdf,medium
AR,Arkansas,PACKAGE,Transferable credit package,Not identified,,,,,,
CA,California,PACKAGE,Transferable credit package,Yes,1991.0,1991.0,statute / intersegmental agreement,"IGETC (Cal. Educ. Code § 66720 common GE transfer core); CSU GE-Breadth certification; replaced by Cal-GETC (AB 928, 2021) from fall 2025",https://en.wikipedia.org/wiki/Intersegmental_General_Education_Transfer_Curriculum,low
CO,Colorado,PACKAGE,Transferable credit package,Yes,2001.0,2003.0,session law,HB 01-1298 (2001 Colo. Sess. Laws ch. 279); GT Pathways; Colo. Rev. Stat. § 23-1-108.5,https://highered.colorado.gov/transfer-agreements,high
CT,Connecticut,PACKAGE,Transferable credit package,Not identified,,,,,,
DE,Delaware,PACKAGE,Transferable credit package,Not identified,,,,,,
DC,District of Columbia,PACKAGE,Transferable credit package,Not identified,,,,,,
FL,Florida,PACKAGE,Transferable credit package,Yes,1971.0,,statewide articulation agreement (now statute),"1971 Statewide Articulation Agreement (now s. 1007.23, F.S.); general education block (36 hrs), s. 1007.25",https://www.fldoe.org/core/fileparse.php/5421/urlt/statewide-postsecondary-articulation-manual.pdf,medium
GA,Georgia,PACKAGE,Transferable credit package,Not identified,,,,,,
HI,Hawaii,PACKAGE,Transferable credit package,Not identified,,,,,,
ID,Idaho,PACKAGE,Transferable credit package,Not identified,,,,,,
IL,Illinois,PACKAGE,Transferable credit package,Yes,1993.0,1998.0,interagency initiative (IBHE/ICCB),Illinois Articulation Initiative; General Education Core Curriculum (GECC) package (ECS: 110 ILCS 152/20),https://itransfer.org/policies/historical-documents/,high
IN,Indiana,PACKAGE,Transferable credit package,Yes,2012.0,2013.0,session law,"SEA 182 (2012); Statewide Transfer General Education Core (30 cr), now Indiana College Core",https://www.in.gov/che/files/STGEC-FAQs-11.1.2018.pdf,high
IA,Iowa,PACKAGE,Transferable credit package,Not identified,,,,,,
KS,Kansas,PACKAGE,Transferable credit package,Yes,2022.0,,board policy,"Board Policy Ch. III Sec. A (Systemwide General Education; transcript notation 'KS Systemwide General Education Completed'), approved June 15, 2022",https://www.kansasregents.gov/academic_affairs/general-education,high
KY,Kentucky,PACKAGE,Transferable credit package,Yes,2004.0,,board policy,CPE General Education Transfer Policy (Fully/Core/Category Certified; revised June 2011 and effective fall 2012); KRS 164.2951 (2010 per ECS/Justia),https://cpe.ky.gov/policies/academicaffairs/genedtransferpolicy.pdf,high
LA,Louisiana,PACKAGE,Transferable credit package,Not identified,,,,,,
ME,Maine,PACKAGE,Transferable credit package,Not identified,,,,,,
MD,Maryland,PACKAGE,Transferable credit package,Not identified,,,,,,
MA,Massachusetts,PACKAGE,Transferable credit package,Yes,2008.0,,board policy,"MassTransfer (BHE accepted Commonwealth Transfer Advisory Group final report, 2008); MassTransfer Block / GenEd Foundation (34 cr); ECS: AAC 16-20",https://files.eric.ed.gov/fulltext/ED613451.pdf,medium
MI,Michigan,PACKAGE,Transferable credit package,Not identified,,,,,,
MN,Minnesota,PACKAGE,Transferable credit package,Yes,1994.0,,interinstitutional agreement / board policy,"Minnesota Transfer Curriculum (1994 MnTC Agreement); Minnesota State Board Policy 3.21 (adopted Apr 29, 1998)",https://www.nhcc.edu/sites/default/files/2023-03/3.37MinnesotaTransferCurriculumPolicy.pdf,medium
MS,Mississippi,PACKAGE,Transferable credit package,Not identified,,,,,,
MO,Missouri,PACKAGE,Transferable credit package,Yes,2016.0,2018.0,statute,"SB 997 (2016), Higher Education Core Curriculum Transfer Act, Mo. Rev. Stat. §§ 178.785-178.789; CORE 42",https://dhewd.mo.gov/core42.php,high
MT,Montana,PACKAGE,Transferable credit package,Yes,1996.0,,board policy,Board of Regents Policy 301.10 General Education Transfer Policy (MUS Core 30 cr; Item 89-001-R1195 approved Mar 29 1996),https://mus.edu/borpol/bor300/301-10.pdf,high
NE,Nebraska,PACKAGE,Transferable credit package,Not identified,,,,,,
NV,Nevada,PACKAGE,Transferable credit package,Not identified,,,,,,
NH,New Hampshire,PACKAGE,Transferable credit package,Not identified,,,,,,
NJ,New Jersey,PACKAGE,Transferable credit package,Not identified,,,,,,
NM,New Mexico,PACKAGE,Transferable credit package,Not identified,,,,,,
NY,New York,PACKAGE,Transferable credit package,Not identified,,,,,,
NC,North Carolina,PACKAGE,Transferable credit package,No,,,,Comprehensive Articulation Agreement (rev. Feb 21 2014),https://ubac.ecu.edu/wp-content/pv-uploads/sites/374/2021/02/Comprehensive_Articulation_Agreement.pdf,medium
ND,North Dakota,PACKAGE,Transferable credit package,Not identified,,,,,,
OH,Ohio,PACKAGE,Transferable credit package,Yes,1990.0,,board policy,Ohio Articulation and Transfer Policy; Ohio Transfer Module (now Ohio Transfer 36); ECS: Board Policy D.2.a,https://www.ohiohighered.org/transfer/policy,high
OK,Oklahoma,PACKAGE,Transferable credit package,Not identified,,,,,,
OR,Oregon,PACKAGE,Transferable credit package,Yes,2005.0,2005.0,joint boards agreement,Oregon Transfer Module (OTM; 45 quarter credits),https://www.oregon.gov/highered/about/transfer/Documents/Transfer-Resources/2998/06-2998_Gen_Ed_OutcomesCriteria_2010.pdf,medium
PA,Pennsylvania,PACKAGE,Transferable credit package,Not identified,,,,,,
RI,Rhode Island,PACKAGE,Transferable credit package,Not identified,,,,,,
SC,South Carolina,PACKAGE,Transferable credit package,Not identified,,,,,,
SD,South Dakota,PACKAGE,Transferable credit package,Not identified,,,,,,
TN,Tennessee,PACKAGE,Transferable credit package,Not identified,,,,,,
TX,Texas,PACKAGE,Transferable credit package,Yes,1997.0,,statute,"Acts 1997, 75th Leg., ch. 1016 (SB 148); Tex. Educ. Code § 61.822(c) core curriculum block transfer",https://texas.public.law/statutes/tex._educ._code_section_61.822,high
UT,Utah,PACKAGE,Transferable credit package,Yes,1982.0,,Board of Regents policy R471 sec. 3.1 (registrar certification of completed GE),USHE Policy R470 (Letter of Completion or Certificate of General Education accepted systemwide),https://web.archive.org/web/19970703071227/http://www.utahsbr.edu/policy/r471.htm,medium
VT,Vermont,PACKAGE,Transferable credit package,Not identified,,,,,,
VA,Virginia,PACKAGE,Transferable credit package,Yes,2018.0,2020.0,statute,Va. Code § 23.1-907 (Passport 15 cr and Uniform Certificate of General Studies 30 cr; formerly § 23-9.2:3.02),https://legiscan.com/VA/bill/SB631/2018,high
WA,Washington,PACKAGE,Transferable credit package,No,,,,Direct Transfer Agreement (associate degree) and Washington 45 course list (RCW 28B.10.696),https://sites.ccsu.edu/facultysenate/files/Supporting_Documents_2011-12/Implementing_Statewide_Transfer_and_Articulation_Reform.pdf,low
WV,West Virginia,PACKAGE,Transferable credit package,Not identified,,,,,,
WI,Wisconsin,PACKAGE,Transferable credit package,Not identified,,,,,,
WY,Wyoming,PACKAGE,Transferable credit package,Not identified,,,,,,
AL,Alabama,DUAL,Dual-enrollment funding,Yes,2014.0,,state-funded scholarship (CTE first),ACCS Dual Enrollment Scholarship Program (Education Trust Fund appropriation); Ala. Admin. Code 290-3-1-.02,https://www.ecs.org/wp-content/uploads/State-Approaches-to-Funding-Dual-Enrollment-Programs.pdf,medium
AK,Alaska,DUAL,Dual-enrollment funding,No,,,,UA Board of Regents policy 10.05; no statewide statute,https://www.ecs.org/wp-content/uploads/Dual-enrollment-funding-mechanisms-April-2016.pdf,medium
AZ,Arizona,DUAL,Dual-enrollment funding,No,,,,A.R.S. 15-1821.01; 15-901.07,https://www.ecs.org/wp-content/uploads/Dual-enrollment-funding-mechanisms-April-2016.pdf,medium
AR,Arkansas,DUAL,Dual-enrollment funding,Yes,2019.0,,state-funded scholarship,"Act 456 of 2019, Arkansas Concurrent Challenge Scholarship; Ark. Code Ann. 6-85-401 et seq.",https://blackrivertech.edu/?p=35972,medium
CA,California,DUAL,Dual-enrollment funding,Yes,2016.0,,statutory fee exemption (CCAP),AB 2364 (2016) amending Cal. Educ. Code 76004/76300: governing boards 'shall exempt' CCAP special part-time students from fees,https://www.leginfo.ca.gov/pub/15-16/bill/asm/ab_2351-2400/ab_2364_bill_20160818_enrolled.htm,high
CO,Colorado,DUAL,Dual-enrollment funding,Yes,2009.0,2009.0,district-pays statute,"Concurrent Enrollment Programs Act, HB09-1319 / SB09-285; C.R.S. 22-35-101 et seq.",https://www.cde.state.co.us/sites/default/files/documents/secondaryinitiatives/downloads/concurrentenrollmentfactsheet%20.pdf,high
CT,Connecticut,DUAL,Dual-enrollment funding,No,,,,Conn. Gen. Stat. 10-221w,https://www.ecs.org/wp-content/uploads/Dual-enrollment-funding-mechanisms-April-2016.pdf,medium
DE,Delaware,DUAL,Dual-enrollment funding,No,,,,Code Del. Regs. 506,https://www.ecs.org/wp-content/uploads/Dual-enrollment-funding-mechanisms-April-2016.pdf,medium
DC,District of Columbia,DUAL,Dual-enrollment funding,Yes,2012.0,,regulation: no tuition charged,D.C. Mun. Regs. 5-A 2400; OSSE Dual Enrollment Partnership Grants,https://osse.dc.gov/sites/default/files/dc/sites/osse/publication/attachments/Dual Enrollment Program Tuition Guidance.pdf,medium
FL,Florida,DUAL,Dual-enrollment funding,Yes,1987.0,,statutory tuition/fee exemption,"Fla. Stat. 240.116 (now 1007.271), created by ch. 87-212, Laws of Fla.",https://flsenate.gov/Laws/Statutes/2001/240.116,high
GA,Georgia,DUAL,Dual-enrollment funding,Yes,2004.0,2004.0,state-funded scholarship,"Accel Program (Georgia Student Finance Commission regulations), lottery funded from 2004-05; later SB 2/SB 132 (2015) Move On When Ready",https://gsfc.georgia.gov/document/document/accel-2011-2012/download,high
HI,Hawaii,DUAL,Dual-enrollment funding,No,,,,"HRS 302A-401 (Running Start), 304A-803",https://www.ecs.org/wp-content/uploads/Dual-enrollment-funding-mechanisms-April-2016.pdf,medium
ID,Idaho,DUAL,Dual-enrollment funding,Yes,2014.0,2014.0,state-funded allowance,"2014 Fast Forward program (state pays 75% of dual credit cost, up to $200 juniors/$400 seniors); expanded HB 458 (2016) and Advanced Opportunities",https://cdapress.com/news/2014/jul/28/fast-forward-ahead-5/,low
IL,Illinois,DUAL,Dual-enrollment funding,No,,,,"Dual Credit Quality Act, 110 ILCS 27",https://www.ecs.org/wp-content/uploads/Dual-enrollment-funding-mechanisms-April-2016.pdf,medium
IN,Indiana,DUAL,Dual-enrollment funding,Yes,2013.0,,state-set tuition cap,P.L. 125-2013 (Ind. Code 21-43-1-2.5 et seq.); CHE priority dual credit tuition capped at $25/credit hour,https://www.ecs.org/wp-content/uploads/Dual-enrollment-funding-mechanisms-April-2016.pdf,medium
IA,Iowa,DUAL,Dual-enrollment funding,Yes,1989.0,,district-pays statute,"Post-Secondary Enrollment Options Act, Iowa Code ch. 261C (district reimburses lesser of actual cost or $250/course); Senior Year Plus, Iowa Code ch. 261E (2008)",https://www.legis.iowa.gov/docs/publications/SD/6896.pdf,high
KS,Kansas,DUAL,Dual-enrollment funding,Yes,2012.0,,state pays CTE tuition,"K.S.A. 72-3810 as amended L. 2012 ch. 159 (SB 155, Excel in CTE): secondary students in tiered technical courses not charged tuition; state distributes funds",https://law.justia.com/codes/kansas/chapter-72/article-38/section-72-3810/,high
KY,Kentucky,DUAL,Dual-enrollment funding,Yes,2016.0,,state-funded scholarship,"Dual Credit Scholarship Program (created 2016 by General Assembly; codified KRS 164.786, 2017 Ky. Acts ch. 165)",https://www.ncsl.org/education/dual-enrollment-in-the-states-three-case-studies,medium
LA,Louisiana,DUAL,Dual-enrollment funding,Yes,2005.0,2005.0,state-funded award (CTE only),"La. R.S. 17 ch. 18-A; TOPS-Tech Early Start Award, former R.S. 17:3048.5 (Acts 2005, No. 348)",https://law.justia.com/codes/louisiana/2013/code-revisedstatutes/title-17/rs-17-3048.5/,high
ME,Maine,DUAL,Dual-enrollment funding,Yes,1997.0,,state pays 50% tuition,"20-A M.R.S. 4775 (Postsecondary Enrollment, ch. 208-A), PL 1997 c. 758: department pays 50% of in-state tuition for first 6 credits/semester",https://legislature.maine.gov/statutes/20-A/title20-Asec4775.html,high
MD,Maryland,DUAL,Dual-enrollment funding,Yes,2013.0,2013.0,statutory tuition cap/district pays,"College and Career Readiness and College Completion Act of 2013 (SB 740), Md. Educ. 18-14A",https://www.dllr.state.md.us/p20/p20readinesssb740.pdf,medium
MA,Massachusetts,DUAL,Dual-enrollment funding,No,,,,M.G.L. c. 15A s. 39; Commonwealth Dual Enrollment Partnership (CDEP) grants,https://www.ecs.org/wp-content/uploads/Dual-enrollment-funding-mechanisms-April-2016.pdf,medium
MI,Michigan,DUAL,Dual-enrollment funding,Yes,1996.0,1996.0,district pays from state foundation allowance,"Postsecondary Enrollment Options Act, 1996 PA 160, MCL 388.511 et seq. (MCL 388.514)",https://renderpdf.legislature.mi.gov/documents/mcl/pdf/MCL-ACT-160-OF-1996.pdf,high
MN,Minnesota,DUAL,Dual-enrollment funding,Yes,1985.0,1985.0,state pays (PSEO),"Postsecondary Enrollment Options Act, Minn. Stat. 124D.09",https://www.auditor.leg.state.mn.us/ped/1996/Pseo.htm,high
MS,Mississippi,DUAL,Dual-enrollment funding,No,,,,Miss. Code 37-15-38,https://law.justia.com/codes/mississippi/title-37/chapter-15/section-37-15-38/,medium
MO,Missouri,DUAL,Dual-enrollment funding,Yes,2016.0,,state-funded need-based scholarship,"Dual Credit and Dual Enrollment Scholarship, RSMo 173.2505 (SB 997, 2016)",https://revisor.mo.gov/main/OneSection.aspx?section=173.2505,high
MT,Montana,DUAL,Dual-enrollment funding,No,,,,"MCA 20-9-706 (Running Start, 2001)",https://law.justia.com/codes/montana/title-20/chapter-9/part-7/section-20-9-706/,medium
NE,Nebraska,DUAL,Dual-enrollment funding,Yes,2007.0,,state-funded need-based scholarship,"Access College Early Scholarship Program Act, Neb. Rev. Stat. 85-2101 et seq. (Laws 2007, LB192)",https://nebraskalegislature.gov/laws/statutes.php?statute=85-2102,high
NV,Nevada,DUAL,Dual-enrollment funding,No,,,,NRS 389.310,https://www.ecs.org/wp-content/uploads/Dual-enrollment-funding-mechanisms-April-2016.pdf,medium
NH,New Hampshire,DUAL,Dual-enrollment funding,Yes,2017.0,,state program in CCSNH,"RSA 188-E:26, dual and concurrent enrollment program in CCSNH (2017, 156:110)",https://gc.nh.gov/rsa/html/XV/188-E/188-E-26.htm,low
NJ,New Jersey,DUAL,Dual-enrollment funding,No,,,,N.J. Stat. 18A:61C-10,https://www.ecs.org/wp-content/uploads/Dual-enrollment-funding-mechanisms-April-2016.pdf,medium
NM,New Mexico,DUAL,Dual-enrollment funding,Yes,2007.0,,statutory tuition/fee waiver,"NMSA 21-1-1.2 (Laws 2007, ch. 227)",https://law.justia.com/codes/new-mexico/chapter-21/article-1/section-21-1-1-2/,high
NY,New York,DUAL,Dual-enrollment funding,No,,,,none statewide,https://www.ecs.org/wp-content/uploads/Dual-enrollment-funding-mechanisms-April-2016.pdf,medium
NC,North Carolina,DUAL,Dual-enrollment funding,Yes,2011.0,,state tuition waiver (FTE),"Career and College Promise, Appropriations Act of 2011 (S.L. 2011-145); N.C.G.S. 115D-20",https://www.ecs.org/wp-content/uploads/Funding-Dual-Enrollment-Programs_North-Carolina.pdf,medium
ND,North Dakota,DUAL,Dual-enrollment funding,No,,,,N.D.C.C. 15.1-25-01,https://www.ecs.org/wp-content/uploads/Dual-enrollment-funding-mechanisms-April-2016.pdf,medium
OH,Ohio,DUAL,Dual-enrollment funding,Yes,1989.0,,state pays via foundation deduction,"Postsecondary Enrollment Options (O.R.C. ch. 3365), 1989; College Credit Plus (HB 487, 2014), first year 2015-16",https://en.wikipedia.org/wiki/Post_Secondary_Enrollment_Options,low
OK,Oklahoma,DUAL,Dual-enrollment funding,Yes,2005.0,,statutory tuition waiver (seniors),70 O.S. 628.13,https://law.justia.com/codes/oklahoma/title-70/section-70-628-13/,low
OR,Oregon,DUAL,Dual-enrollment funding,Yes,2005.0,,district pays (Expanded Options),"SB 300 (2005), Expanded Options Program; ORS 340.310",https://apps.oregonlegislature.gov/liz/2007R1/Downloads/MeasureAnalysisDocument/4686,medium
PA,Pennsylvania,DUAL,Dual-enrollment funding,No,,,,Act 46 of 2005 dual enrollment grants (defunded),https://www.ecs.org/wp-content/uploads/Dual-enrollment-funding-mechanisms-April-2016.pdf,medium
RI,Rhode Island,DUAL,Dual-enrollment funding,Yes,2017.0,,state fund pays tuition,R.I. Gen. Laws 16-100-3 (P.L. 2013 ch. 168; payment language P.L. 2017 ch. 302 art. 12); Dual Enrollment Fund (Prepare RI),https://webserver.rilegislature.gov/Statutes/TITLE16/16-100/16-100-3.htm,medium
SC,South Carolina,DUAL,Dual-enrollment funding,No,,,,S.C. Code 59-59-210,https://www.ecs.org/wp-content/uploads/Dual-enrollment-funding-mechanisms-April-2016.pdf,medium
SD,South Dakota,DUAL,Dual-enrollment funding,Yes,2014.0,,state pays 2/3 of reduced tuition,2014 legislation limiting dual credit tuition (SDCL 13-28-37); state covers two-thirds of reduced rate,https://www.ecs.org/wp-content/uploads/State-Approaches-to-Funding-Dual-Enrollment-Programs.pdf,medium
TN,Tennessee,DUAL,Dual-enrollment funding,Yes,2005.0,,state-funded grant (lottery),"Dual Enrollment Grant, Tenn. Code 49-4-930 (2005 Tenn. Acts ch. 481)",https://law.justia.com/codes/tennessee/title-49/chapter-4/part-9/section-49-4-930/,high
TX,Texas,DUAL,Dual-enrollment funding,Yes,2023.0,2024.0,state-funded tuition waiver (FAST),"HB 8 (88th Leg., 2023), Financial Aid for Swift Transfer (FAST)",https://texas2036.org/wp-content/uploads/2025/01/HB-8-One-Pager.pdf,medium
UT,Utah,DUAL,Dual-enrollment funding,Yes,1995.0,1995.0,state appropriation,"Concurrent enrollment, Utah Code 53E-10-302; ongoing legislative appropriation from FY1995-96",https://ushe.edu/wp-content/uploads/pdf/reports/ConcurrentEnrollment%20-12-13_Report.pdf,medium
VT,Vermont,DUAL,Dual-enrollment funding,Yes,2013.0,,state pays tuition (2 courses),"16 V.S.A. 944, Act 77 (2013)",https://legislature.vermont.gov/statutes/section/16/023/00944,high
VA,Virginia,DUAL,Dual-enrollment funding,No,,,,Va. Code 22.1-253.13:1,https://www.ecs.org/wp-content/uploads/Dual-enrollment-funding-mechanisms-April-2016.pdf,medium
WA,Washington,DUAL,Dual-enrollment funding,Yes,1990.0,1990.0,state basic-ed funds pay tuition,Learning by Choice law (1990) creating Running Start; RCW 28A.600.300 et seq.,https://wsac.wa.gov/sites/default/files/2014.04.24.052c.Report.Running%20Start.pdf,high
WV,West Virginia,DUAL,Dual-enrollment funding,Yes,2011.0,,state-funded CTE dual credit (EDGE),"W. Va. Code 18-13-1 et seq., Earn a Degree-Graduate Early (EDGE) initiative (repealed 2024)",https://code.wvlegislature.gov/18-13-1/,low
WI,Wisconsin,DUAL,Dual-enrollment funding,Yes,1991.0,,district-pays statute,"Wis. Stat. 118.55 (Youth Options, 1991 Wis. Act 39; now Early College Credit Program)",https://law.justia.com/codes/wisconsin/chapter-118/section-118-55/,high
WY,Wyoming,DUAL,Dual-enrollment funding,Yes,,,district-pays statute,Wyo. Stat. 21-20-201,https://law.justia.com/codes/wyoming/title-21/chapter-20/article-2/section-21-20-201/,low
AL,Alabama,AP,AP credit mandate,No,,,,,,
AK,Alaska,AP,AP credit mandate,No,,,,,,
AZ,Arizona,AP,AP credit mandate,Partial,,,board policy,Arizona Board of Regents AP credit policy (public universities only); College Board AZ state page,https://k12.collegeboard.org/state-policy-funding/arizona,medium
AR,Arkansas,AP,AP credit mandate,Yes,2018.0,2018.0,board policy,"Arkansas Higher Education Coordinating Board, Advanced Placement Credit Policy (credit for scores of 3+)",https://adhe.edu/File/Advanced_Placement_Credit_Policy.pdf,medium
CA,California,AP,AP credit mandate,Yes,2016.0,2017.0,board policy; statute (community colleges),"UC and CSU systemwide AP credit for scores of 3+ (board policy); California Community Colleges: AB 1985 (2015-16 session), Educ. Code uniform AP credit policy",https://leginfo.legislature.ca.gov/faces/billNavClient.xhtml?bill_id=201520160AB1985,medium
CO,Colorado,AP,AP credit mandate,Yes,2016.0,2016.0,board policy,"Colorado Commission on Higher Education, GT Pathways statewide AP cut scores (score 3+)",https://highered.colorado.gov/Publications/Policies/Current/i-partx.pdf,medium
CT,Connecticut,AP,AP credit mandate,Partial,2019.0,2019.0,board policy,"CSCU Board of Regents Uniform Advanced Placement Credit and Placement Policy, BR 19-036 (adopted March 28, 2019); UConn excluded",https://www.ct.edu/policies/uniform-advanced-placement-credit-and-placement-policy,high
DE,Delaware,AP,AP credit mandate,Yes,2024.0,2024.0,statute,"Advanced Placement Examination Credit Act, HB 116, 84 Del. Laws c. 246 (approved Feb 28, 2024)",https://legis.delaware.gov/SessionLaws/Chapter?id=41865,high
DC,District of Columbia,AP,AP credit mandate,No,,,,,,
FL,Florida,AP,AP credit mandate,Yes,,,statute,Fla. Stat. s. 1007.27 (credit limited to scores of 3+ on AP exams; statewide course equivalencies via Articulation Coordinating Committee),http://www.leg.state.fl.us/statutes/index.cfm?App_Mode=Display_Statute&URL=Ch0240/Sec116.htm&StatuteYear=1995,medium
GA,Georgia,AP,AP credit mandate,Partial,,,board policy,Technical College System of Georgia systemwide AP credit policy (3+); University System of Georgia has institution-based policies,https://k12.collegeboard.org/state-policy-funding/georgia,medium
HI,Hawaii,AP,AP credit mandate,No,,,,,,
ID,Idaho,AP,AP credit mandate,Yes,2018.0,,board policy,Idaho State Board of Education AP credit policy approved Aug 2018 (score 3+ earns credit at all public institutions),https://boardofed.idaho.gov/wp-content/uploads/2018/08/Board-establishes-APcredit-policy-8-17-18.pdf,high
IL,Illinois,AP,AP credit mandate,Yes,2015.0,2016.0,statute,"Public Act 99-0358 (Advanced Placement Course Credit Act, 110 ILCS 49), effective Aug 13, 2015",https://www.ilga.gov/Legislation/publicacts/view/099-0358,high
IN,Indiana,AP,AP credit mandate,Yes,2010.0,,statute,"HEA 1135 (2010), P.L. 91-2010 (IC 21-43-10): credit at public 2- and 4-year institutions for AP scores of 3+",https://appam.confex.com/appam/2015/webprogram/Paper14748.html,medium
IA,Iowa,AP,AP credit mandate,No,,,,,,
KS,Kansas,AP,AP credit mandate,Partial,2016.0,,board policy,Kansas Board of Regents systemwide AP credit policy: each state university awards credit for scores of 3+ (score 4 for five exams),https://www.k-state.edu/today/announcement/?id=31388,medium
KY,Kentucky,AP,AP credit mandate,Yes,2002.0,2003.0,statute; administrative regulation,"KRS 164.098(1) (2002 Ky. Acts ch. 97, s. 5, eff. July 15, 2002; amended 2008 ch. 134); 13 KAR 2:025 (CPE regulation, eff. Nov 12, 2002)",https://apps.legislature.ky.gov/law/statutes/statute.aspx?id=4203,high
LA,Louisiana,AP,AP credit mandate,Yes,,,board policy,Louisiana Board of Regents statewide AP articulation agreement (3+),https://k12.collegeboard.org/state-policy-funding/louisiana,medium
ME,Maine,AP,AP credit mandate,No,,,,,,
MD,Maryland,AP,AP credit mandate,Yes,2022.0,2022.0,statute,"HB 966 (2022), Md. Educ. Code s. 15-134: public institutions must accept a minimum AP score of 3 for credit (higher only with evidence), policies by Oct 1, 2022",https://law.justia.com/codes/maryland/education/division-iii/title-15/subtitle-1/section-15-134/,high
MA,Massachusetts,AP,AP credit mandate,No,,,,,,
MI,Michigan,AP,AP credit mandate,No,,,,,,
MN,Minnesota,AP,AP credit mandate,Partial,2005.0,,statute,Minn. Stat. s. 120B.13 subd. 3a (added 1Sp2005 c 5 art 2 s 15): Minnesota State colleges and universities must award credit for AP scores of 3+; University of Minnesota and privates only encouraged,https://www.revisor.mn.gov/statutes/cite/120B.13,high
MS,Mississippi,AP,AP credit mandate,Yes,2018.0,2019.0,systemwide agreement (IHL and community college chief academic officers),"Mississippi Guide for Advanced Placement (AP) Credit, adopted by the Chief Academic Officers of the MS Institutions of Higher Learning and the MS Association of Community & Junior Colleges (Aug 2018; effective Fall 2019)",https://resources.finalsite.net/images/v1700127823/mpsdk12net/hxkpct6fe3hcfg5qa4ie/msappolicyaugust.pdf,medium
MO,Missouri,AP,AP credit mandate,Yes,2022.0,,statute,RSMo 173.1352 (L. 2022 SB 681 & 662 merged with SB 718; A.L. 2025 HB 419/SB 68),https://revisor.mo.gov/main/OneSection.aspx?section=173.1352,high
MT,Montana,AP,AP credit mandate,No,,,,,,
NE,Nebraska,AP,AP credit mandate,No,,,,,,
NV,Nevada,AP,AP credit mandate,Yes,2015.0,2016.0,board policy,Nevada System of Higher Education Board of Regents AP credit policy (3+),https://system.nevada.edu/tasks/sites/Nshe/assets/File/BoardOfRegents/Agendas/2015/dec-mtgs/arsa-refs/ARSA-2c.pdf,medium
NH,New Hampshire,AP,AP credit mandate,No,,,,,,
NJ,New Jersey,AP,AP credit mandate,No,,,,,,
NM,New Mexico,AP,AP credit mandate,Yes,2018.0,,board policy,New Mexico statewide standardized AP credit acceptance across all public colleges and universities (reported 2018),https://www.edweek.org/teaching-learning/making-it-easier-to-get-advanced-placement-credit-for-college/2018/08,low
NY,New York,AP,AP credit mandate,Yes,2017.0,2018.0,board policy,"CUNY Board of Trustees resolution June 26, 2017 (CUNY Policy 1.21: all CUNY undergraduate colleges grant credit for AP 3+); SUNY systemwide AP standard adopted June 2, 2026",https://www.qc.cuny.edu/admissions/advanced-placement-ap/,medium
NC,North Carolina,AP,AP credit mandate,Yes,2018.0,2019.0,board policy,"UNC System Board of Governors AP credit policy approved July 2018 (score 3+ earns credit at all UNC institutions), effective July 1, 2019",https://chapelboro.com/news/higher-education/new-ap-credit-policy-begins-for-unc-system,low
ND,North Dakota,AP,AP credit mandate,Yes,,,board policy,North Dakota University System (SBHE) credit-by-exam / AP policy (3+),https://www.ndsu.edu/sites/default/files/fileadmin/facultysenate/gened/SBHE_Policy_403.7_GERTA_Plus.pdf,medium
OH,Ohio,AP,AP credit mandate,Yes,2007.0,2009.0,statute,"ORC 3333.163, enacted by HB 2 (127th GA), eff. May 15, 2007; amended HB 64 (2015) and HB 33 (2023); Chancellor sets score-3 standards",https://codes.ohio.gov/ohio-revised-code/section-3333.163,high
OK,Oklahoma,AP,AP credit mandate,Yes,2021.0,2021.0,statute,"70 O.S. s. 3207.1 as amended by Laws 2021, c. 337 (HB 2750), eff. July 1, 2021: institutions may not require an AP score above 3 for initial lower-division course credit; OSRHE Policy 3.16 implements",https://law.justia.com/codes/oklahoma/title-70/section-70-3207-1/,high
OR,Oregon,AP,AP credit mandate,Yes,2017.0,2019.0,statute,"SB 207 (2017), Or. Laws 2017 ch. 516: credit for AP scores of 3, 4, 5 unless HECC notified higher score needed",https://apps.oregonlegislature.gov/liz/2017R1/Measures/Overview/SB207,high
PA,Pennsylvania,AP,AP credit mandate,Partial,2017.0,,statute; TAOC standards,24 P.S. s. 20-2002-C(d) (added 2017): PASSHE universities and community colleges must adopt uniform credit-for-prior-learning standards; TAOC adopted statewide AP minimum scores (faculty review began Sept 2018),https://collegetransfer.pa.gov/Administrators/Credit-for-Prior-Learning,medium
RI,Rhode Island,AP,AP credit mandate,Yes,2022.0,,statute,"2022-H 6603 (signed June 27, 2022): CCRI, RIC and URI to adopt a process to accept AP scores of 3 or better for college credit",https://www.billtrack50.com/billdetail/1412838,medium
SC,South Carolina,AP,AP credit mandate,Yes,1984.0,,statute; CHE policy,"S.C. Code s. 59-29-190 (1984 Act No. 512 [Education Improvement Act], Part II, s. 9; amended 2002 Act No. 356): AP score of 3+ earns credit at each public postsecondary college as specified by CHE",https://law.justia.com/codes/south-carolina/title-59/chapter-29/section-59-29-190/,medium
SD,South Dakota,AP,AP credit mandate,Yes,,,board policy,South Dakota Board of Regents AP credit policy (3+),https://apps.oregonlegislature.gov/liz/2017R1/Downloads/CommitteeMeetingDocument/126473,medium
TN,Tennessee,AP,AP credit mandate,Partial,2012.0,,board policy,Tennessee Board of Regents (two-year system) AP credit policy (3+); universities have institution-based policies,https://www.motlow.edu/about/policies/early-postsecondary-opportunities.html,low
TX,Texas,AP,AP credit mandate,Yes,2015.0,2016.0,statute,"HB 1992 (84th Leg., 2015), Tex. Educ. Code 51.968(c-1): institutions may not require AP score above 3 absent evidence",https://capitol.texas.gov/tlodocs/84R/billtext/html/HB01992F.HTM,high
UT,Utah,AP,AP credit mandate,Yes,,,board policy,Utah Board of Regents (now Utah Board of Higher Education) statewide AP minimum scores,https://www.uvu.edu/academicaffairs/docs/ge-review/r-470-policy.pdf,medium
VT,Vermont,AP,AP credit mandate,No,,,,,,
VA,Virginia,AP,AP credit mandate,Yes,2015.0,2016.0,statute,"Acts 2015 ch. 578 (former Va. Code 23-9.2:3.10, now 23.1-906; amended 2016 ch. 588): SCHEV to establish AP/IB/CLEP credit policy",https://law.lis.virginia.gov/vacode/title23.1/chapter9/section23.1-906/,high
WA,Washington,AP,AP credit mandate,Yes,2017.0,2017.0,statute,2017 c 179 (SB 5234) creating RCW 28B.10.054; amended 2019 c 316 (SB 5410),https://lawfilesext.leg.wa.gov/biennium/2017-18/Pdf/Bills/Session%20Laws/Senate/5234.SL.pdf?cite=2017%20c%20179%20s%202,high
WV,West Virginia,AP,AP credit mandate,Yes,,,board policy,West Virginia HEPC legislative rule (W. Va. CSR 133-59-8) AP credit for scores of 3+,https://www.wvhepc.edu/wp-content/uploads/2021/10/Series-59-HEPC-SOS-Final-File-2021-10-04.pdf,medium
WI,Wisconsin,AP,AP credit mandate,Partial,,,board policy,University of Wisconsin System AP credit policy (3+),https://www.wisconsin.edu/regents/policies/transfer-and-award-of-credit-for-extra-institutional-learning/,medium
WY,Wyoming,AP,AP credit mandate,No,,,,,,
