st,name,CT_2010,D_2010,ER_2010,T_2010,ERadj_low_2010,ERadj_central_2010,ERadj_high_2010,CT_2022,D_2022,ER_2022,T_2022,ERadj_low_2022,ERadj_central_2022,ERadj_high_2022,cc_share_CT_2022,dER,K,timing_central,dER_adj,items_sum,residual,residual_credits_per_ba,share_items,share_residual,c_AP_credit,c_Fewer_leavers,c_Unreported_DE_credit,c_Reported_DE_credit_never_used,c_Less_non-degree_credit,c_AA_counted_twice,c_Certificate_credit,c_Net_interstate_credit_inflow,within_pub,within_cc,composition,cc_share_C_2010,cc_share_C_2022,Tadj_pub_2010,Tadj_pub_2022,Tadj_cc_2010,Tadj_cc_2022,w_cc_2010,w_cc_2022
AK,Alaska,549341.0,239400.0,0.43579,275.3589,0.45053,0.4576,0.46738,324317.0,233100.0,0.71874,166.95856,0.65464,0.62759,0.5929,0.0,0.28295,0.00261,0.11296,0.16999,0.09329,0.0767,-29.38579,0.54878,0.45122,0.00394,0.01499,0.003,-0.00952,0.07645,0.00353,-0.00431,0.00521,0.16254,-0.0,0.00745,0.01563,0.0,259.27228,191.20626,935.48707,,0.00438,0.0
AL,Alabama,5784164.0,2996520.0,0.51806,231.63526,0.52934,0.53715,0.54547,5165773.0,3853260.0,0.74592,160.87489,0.74402,0.74264,0.74174,0.30076,0.22787,0.00322,0.02238,0.20549,0.00518,0.20031,-62.20204,0.02522,0.97478,0.01036,0.00737,0.0016,-0.00507,-5e-05,0.00417,-0.01101,-0.00218,0.05946,0.14566,0.00037,0.41443,0.30076,156.41018,135.03013,565.82657,297.70995,0.16362,0.16324
AR,Arkansas,3320507.0,1620540.0,0.48804,245.88152,0.49306,0.49859,0.50298,2697747.0,2225940.0,0.82511,145.43503,0.80894,0.79948,0.78978,0.29702,0.33707,0.00336,0.03618,0.30089,0.034,0.26689,-79.53164,0.11301,0.88699,0.00358,0.01615,0.00082,-0.00261,0.01598,0.0032,-0.00351,0.00038,0.14959,0.13039,0.02091,0.39448,0.29702,183.37769,127.79483,462.54175,255.7307,0.20526,0.17433
AZ,Arizona,6858610.0,3326880.0,0.48507,247.3889,0.50743,0.52609,0.54338,7366763.0,5390100.0,0.73168,164.00652,0.76358,0.77873,0.8016,0.36066,0.24661,0.00296,-0.00602,0.25264,0.03761,0.21503,-72.70249,0.14888,0.85112,0.00384,-0.0272,-8e-05,0.00024,0.05099,0.0055,0.00685,-0.00253,0.02108,0.15648,0.07508,0.57976,0.36066,127.03334,119.22255,538.79379,320.06247,0.24544,0.17364
CA,California,43746835.33333,19339500.0,0.44208,271.4455,0.45038,0.45758,0.46411,40656255.66667,32575620.0,0.80124,149.76693,0.79409,0.78524,0.78012,0.54776,0.35917,0.00295,0.0315,0.32767,-0.00283,0.3305,-111.96737,-0.00865,1.00865,0.00061,-0.00411,0.00027,-0.00086,0.01894,-0.00106,-0.01637,-0.00025,0.02718,0.40411,-0.10361,0.65717,0.54776,120.96248,107.84782,671.29666,233.05089,0.25673,0.35918
CO,Colorado,5496302.0,2996880.0,0.54525,220.08096,0.55621,0.56356,0.57147,5209237.0,4006800.0,0.76917,156.01189,0.75239,0.74364,0.73372,0.2905,0.22392,0.00349,0.04384,0.18008,0.03365,0.14643,-41.8985,0.18685,0.81315,0.00484,0.00817,0.00356,-0.01129,0.02276,0.00378,0.00228,-0.00045,0.06642,0.138,-0.02433,0.35845,0.2905,155.86448,133.89697,617.79852,323.44536,0.12354,0.14493
CT,Connecticut,2348790.0,1447980.0,0.61648,194.65379,0.62035,0.62426,0.62737,1862154.0,1554600.0,0.83484,143.74018,0.8165,0.80601,0.79482,0.34806,0.21836,0.00429,0.03661,0.18175,0.0289,0.15285,-35.63913,0.15899,0.84101,0.00498,-0.00069,0.0015,-0.00476,0.02692,0.00577,-0.00219,-0.00264,0.05497,0.11518,0.0116,0.43371,0.34806,132.60787,116.73836,465.45779,307.44247,0.17912,0.16855
DC,District of Columbia,107044.0,58260.0,0.54426,220.48198,0.50687,0.4906,0.46925,68954.0,55800.0,0.80924,148.28817,0.71541,0.67613,0.62601,0.0,0.26497,0.00367,0.07945,0.18553,-0.0739,0.25943,-70.68257,-0.39833,1.39833,-0.00094,0.02723,-0.00607,0.01927,-0.00478,1e-05,-0.00213,-0.10648,0.18553,-0.0,0.0,0.0,0.0,244.5984,177.48159,,,0.0,0.0
DE,Delaware,950985.0,544560.0,0.57263,209.56038,0.57889,0.5808,0.58469,924039.0,741420.0,0.80237,149.55717,0.79308,0.78761,0.78161,0.24306,0.22974,0.00383,0.02293,0.20681,-0.00991,0.21672,-56.6018,-0.04791,1.04791,-0.00016,-0.02718,0.00036,-0.00113,0.00707,0.00488,0.01215,-0.0059,0.05041,0.18383,-0.02744,0.3581,0.24306,152.50012,137.04322,567.67919,233.70265,0.13033,0.15846
FL,Florida,16502985.0,10395780.0,0.62993,190.49636,0.62622,0.62893,0.62822,15878167.0,14389140.0,0.90622,132.41792,0.91569,0.91549,0.92119,0.50201,0.27629,0.00476,-0.01027,0.28656,0.04975,0.23681,-49.77881,0.17362,0.82638,0.00435,0.01345,0.00236,-0.00751,0.03345,0.00856,-0.00453,-0.00038,0.06291,0.20898,0.01467,0.60324,0.50201,123.04495,102.13909,299.13539,182.31906,0.38477,0.36092
GA,Georgia,10137485.0,4408440.0,0.43487,275.94755,0.44438,0.45128,0.45839,8953797.66667,6156780.0,0.68762,174.51585,0.70522,0.71093,0.72313,0.2979,0.25275,0.00249,-0.0069,0.25965,0.03786,0.22179,-89.00733,0.1458,0.8542,0.00271,0.01582,0.00222,-0.00705,0.0031,0.00342,0.01571,0.00191,0.06473,0.18074,0.01417,0.47074,0.2979,167.55046,138.94517,782.11226,341.87841,0.16005,0.14708
HI,Hawaii,1077682.0,587520.0,0.54517,220.11479,0.54834,0.55371,0.55678,876892.0,758520.0,0.86501,138.72678,0.88452,0.88913,0.9013,0.41484,0.31984,0.00393,-0.01558,0.33542,0.02774,0.30768,-78.29271,0.08272,0.91728,0.00689,0.01136,0.00165,-0.00525,0.02118,0.00468,-0.01011,-0.00266,0.11345,0.19811,0.02386,0.52483,0.41484,142.1537,104.74421,412.72755,227.57577,0.27558,0.24602
IA,Iowa,3826737.0,2007480.0,0.52459,228.7487,0.53428,0.54508,0.55301,3123888.0,2197740.0,0.70353,170.56911,0.68847,0.68001,0.67054,0.4981,0.17893,0.00308,0.044,0.13494,0.0399,0.09504,-30.90075,0.29569,0.70431,0.0045,0.03423,0.00245,-0.00777,0.0019,0.00532,-0.00156,0.00083,0.03653,0.06153,0.03687,0.57681,0.4981,139.81335,122.76867,380.61303,315.53401,0.33363,0.27857
ID,Idaho,1472566.0,756900.0,0.514,233.4627,0.51694,0.52,0.52251,1419161.0,1099560.0,0.7748,154.87952,0.77776,0.7793,0.78134,0.3142,0.2608,0.00332,0.0015,0.2593,-0.00033,0.25963,-78.23092,-0.00127,1.00127,0.00421,0.01926,0.01489,-0.04725,0.02072,0.00202,-0.0194,0.00521,0.18057,0.12907,-0.05035,0.27304,0.3142,188.76639,126.67558,566.16437,290.84101,0.11129,0.16635
IL,Illinois,12421222.0,5746860.0,0.46266,259.36714,0.46445,0.46756,0.46944,8175612.0,5453040.0,0.66699,179.91312,0.66562,0.66291,0.66197,0.56733,0.20432,0.00257,0.00898,0.19535,0.02221,0.17313,-67.32422,0.11372,0.88628,0.00539,-0.00265,0.00309,-0.00979,0.04344,0.00105,-0.01007,-0.00824,0.01115,0.21693,-0.03273,0.65925,0.56733,124.1487,117.84504,572.43675,306.21594,0.29557,0.33538
IN,Indiana,7131031.0,3840240.0,0.53853,222.83079,0.54519,0.55239,0.55801,6077749.0,4530720.0,0.74546,160.97439,0.74098,0.73791,0.73569,0.29095,0.20693,0.00335,0.02141,0.18552,-0.00135,0.18687,-55.85893,-0.00727,1.00727,0.00551,0.03715,0.00767,-0.02434,0.00745,0.00518,-0.04007,0.0001,0.08788,0.10147,-0.00383,0.34759,0.29095,163.67067,133.72891,563.24258,343.45721,0.13406,0.13776
KS,Kansas,3797511.0,2137620.0,0.5629,213.18163,0.56857,0.57423,0.57876,3152759.0,2437140.0,0.77302,155.23568,0.75883,0.75049,0.74157,0.43224,0.21012,0.00363,0.03386,0.17626,0.03313,0.14312,-39.47011,0.18799,0.81201,0.0041,0.00245,0.0039,-0.01238,0.0301,0.00387,-0.00076,0.00184,0.07601,0.10523,-0.00499,0.4611,0.43224,142.01108,115.23244,465.52393,325.72059,0.20699,0.21219
KY,Kentucky,4325972.0,2347740.0,0.54271,221.11334,0.54897,0.55468,0.55949,3496972.0,2773020.0,0.79298,151.32839,0.78547,0.7797,0.7747,0.33658,0.25027,0.00359,0.02525,0.22502,0.04534,0.17968,-50.10203,0.2015,0.7985,0.00809,0.02413,0.00366,-0.01163,0.03127,0.00351,-0.01344,-0.00026,0.09092,0.14814,-0.01404,0.39877,0.33658,160.60077,129.08383,453.83064,247.84221,0.1901,0.20901
LA,Louisiana,4875421.0,2418420.0,0.49604,241.91436,0.49679,0.49907,0.50076,4122392.0,2687100.0,0.65183,184.097,0.65221,0.65167,0.65243,0.27344,0.15579,0.00269,0.00319,0.1526,0.03347,0.11913,-44.2119,0.21933,0.78067,0.00735,-0.00564,0.0016,-0.00509,0.0122,0.0028,0.02006,0.00019,0.06836,0.10926,-0.02502,0.32599,0.27344,178.25811,150.22933,862.68428,460.13486,0.09086,0.10943
MA,Massachusetts,4497267.0,2540820.0,0.56497,212.40074,0.57076,0.57654,0.58123,3684170.0,3017520.0,0.81905,146.51117,0.80899,0.80226,0.79584,0.32714,0.25408,0.00386,0.02836,0.22572,0.04669,0.17903,-46.42701,0.20685,0.79315,0.00492,0.00729,0.00144,-0.00457,0.03062,0.00723,0.00155,-0.00179,0.08404,0.09694,0.04474,0.44918,0.32714,149.67754,122.23971,399.47614,276.99251,0.23404,0.17666
MD,Maryland,5877027.0,3353220.0,0.57056,210.31821,0.57123,0.57418,0.57562,5210793.0,4689660.0,0.89999,133.33486,0.89103,0.88361,0.87768,0.33649,0.32943,0.00428,0.02,0.30943,0.04123,0.2682,-62.67543,0.13325,0.86675,-0.00081,0.00768,0.00131,-0.00415,0.02477,0.0048,0.00904,-0.0014,0.10814,0.17434,0.02695,0.4626,0.33649,141.39409,109.72972,470.04404,255.55696,0.20568,0.17882
ME,Maine,1023703.0,638940.0,0.62415,192.26275,0.62737,0.62978,0.63214,848377.0,636900.0,0.75073,159.84494,0.73883,0.73097,0.72332,0.29076,0.12658,0.0039,0.02539,0.10119,0.03467,0.06652,-17.03564,0.34265,0.65735,0.00569,0.00365,0.0077,-0.02445,0.02315,0.00527,-0.00083,0.01449,0.04779,0.0517,0.0017,0.32559,0.29076,155.47933,140.43069,357.57615,279.31253,0.1735,0.17089
MI,Michigan,11417115.0,6336240.0,0.55498,216.22505,0.55936,0.56402,0.56767,8489809.0,6891660.0,0.81176,147.82753,0.79809,0.79143,0.78347,0.34901,0.25678,0.00375,0.02937,0.22741,0.05857,0.16884,-44.97306,0.25754,0.74246,0.0089,0.01342,0.00119,-0.00378,0.02912,0.00547,0.00345,0.0008,0.07911,0.12858,0.01971,0.44901,0.34901,146.18866,120.00519,482.22918,298.15888,0.1981,0.17749
MN,Minnesota,5957229.0,3155400.0,0.52968,226.55368,0.53424,0.53784,0.54124,4401148.0,3262920.0,0.74138,161.86047,0.72808,0.71977,0.7117,0.43769,0.2117,0.00327,0.02977,0.18193,0.0172,0.16473,-50.33894,0.09454,0.90546,0.00404,0.00629,0.00417,-0.01323,0.01067,0.0039,0.00906,-0.00771,0.06972,0.10974,0.00247,0.48525,0.43769,155.14542,126.02195,416.82274,284.93611,0.25974,0.25609
MO,Missouri,5210928.0,2959140.0,0.56787,211.31523,0.57598,0.58411,0.59064,4030993.0,3128940.0,0.77622,154.59522,0.75395,0.74315,0.73067,0.37705,0.20835,0.00367,0.04931,0.15904,0.00297,0.15606,-42.4858,0.01869,0.98131,0.00332,0.00777,0.00457,-0.01451,0.01738,0.00335,-0.01766,-0.00125,0.03822,0.14079,-0.01997,0.44255,0.37705,143.36778,129.93357,451.88006,269.60075,0.2012,0.22583
MS,Mississippi,3750447.0,1807860.0,0.48204,248.94275,0.48852,0.49397,0.49898,3161320.0,2343840.0,0.74141,161.85337,0.72282,0.70811,0.6958,0.50993,0.25937,0.00298,0.04523,0.21414,0.00154,0.2126,-71.38313,0.0072,0.9928,0.00344,0.01182,0.003,-0.00954,-0.0042,0.00188,-0.01286,0.008,0.05897,0.17424,-0.01907,0.55713,0.50993,154.52147,124.80819,445.57792,258.28283,0.30375,0.33457
MT,Montana,1104235.0,657480.0,0.59542,201.53951,0.59885,0.60213,0.60482,949029.33333,697200.0,0.73465,163.34412,0.72833,0.72509,0.72155,0.15139,0.13923,0.00365,0.01627,0.12296,0.01368,0.10928,-29.97945,0.11127,0.88873,0.01288,0.00809,0.00338,-0.01074,0.00138,0.00395,-0.01501,0.00976,0.07635,0.02557,0.02105,0.21476,0.15139,175.57238,152.42075,393.85126,318.80077,0.10867,0.07859
NC,North Carolina,11412749.0,5155920.0,0.45177,265.62279,0.45673,0.46256,0.46697,9707807.0,7100700.0,0.73144,164.05944,0.73269,0.73128,0.73206,0.45188,0.27967,0.00275,0.01096,0.26872,0.01394,0.25478,-92.52278,0.05188,0.94812,0.00204,0.0103,0.00168,-0.00534,0.01236,0.00204,-0.0047,-0.00446,0.06256,0.22349,-0.01734,0.55704,0.45188,151.60926,121.93091,597.04953,282.66066,0.24204,0.26233
ND,North Dakota,1062635.0,701520.0,0.66017,181.7713,0.67115,0.6783,0.68624,898856.0,755760.0,0.8408,142.72086,0.83665,0.83382,0.83137,0.22654,0.18063,0.00463,0.02512,0.15552,0.00964,0.14587,-31.53586,0.06201,0.93799,0.00594,0.00196,0.0023,-0.00729,-0.00269,0.00681,-0.00363,0.00624,0.13722,0.01429,0.004,0.2155,0.22654,165.67505,131.1472,234.92053,215.58227,0.16229,0.15123
NE,Nebraska,2237735.0,1142220.0,0.51044,235.09324,0.51808,0.52339,0.52876,1873886.33333,1375440.0,0.734,163.48686,0.73511,0.73426,0.73473,0.35337,0.22357,0.00312,0.0127,0.21087,0.04627,0.1646,-52.7195,0.21943,0.78057,0.00395,0.00888,0.00402,-0.01277,0.04241,0.00431,-0.00671,0.00218,0.06141,0.13449,0.01497,0.46688,0.35337,155.39477,131.29735,501.57727,295.98278,0.21342,0.19512
NH,New Hampshire,1015050.0,726060.0,0.71529,167.76299,0.72129,0.72722,0.73199,825729.0,680160.0,0.82371,145.6826,0.80245,0.79155,0.7785,0.25723,0.10841,0.00491,0.04408,0.06434,0.01723,0.0471,-9.5937,0.26785,0.73215,0.0067,-0.01135,0.00207,-0.00656,0.01921,0.00623,-0.0043,0.00523,0.03352,0.04047,-0.00965,0.26483,0.25723,140.15899,132.02701,325.0035,265.08257,0.13446,0.14711
NJ,New Jersey,7388042.0,3934980.0,0.53261,225.30357,0.54175,0.54785,0.55424,6354147.0,5130660.0,0.80745,148.6159,0.79813,0.79082,0.78467,0.38796,0.27484,0.00358,0.03186,0.24297,0.04578,0.1972,-55.02389,0.1884,0.8116,0.00236,0.01851,0.0018,-0.00571,0.01856,0.00584,-0.00014,0.00456,0.05246,0.16072,0.02979,0.53311,0.38796,140.50489,121.06677,429.06832,252.77877,0.27215,0.23289
NM,New Mexico,2723964.0,1114080.0,0.40899,293.40414,0.4207,0.42926,0.43781,1829440.0,1353900.0,0.74006,162.14846,0.72608,0.71363,0.70423,0.4894,0.33107,0.00252,0.0467,0.28437,0.03317,0.2512,-99.59022,0.11663,0.88337,0.00363,0.00803,0.00127,-0.00404,0.03998,0.00069,-0.01538,-0.00102,0.06876,0.2552,-0.03959,0.56884,0.4894,163.32268,125.45169,606.92121,260.76205,0.26201,0.31559
NV,Nevada,2131599.0,939420.0,0.44071,272.28703,0.44588,0.45231,0.45679,2065198.0,1523880.0,0.73789,162.62682,0.73342,0.73018,0.72724,0.39484,0.29717,0.00271,0.01931,0.27786,0.06185,0.21601,-79.71138,0.22259,0.77741,0.00661,0.00895,-0.00101,0.00322,0.04384,0.00186,-0.00124,-0.00037,0.05332,0.26253,-0.03799,0.52582,0.39484,160.97419,135.41449,638.47581,244.35091,0.21849,0.26556
NY,New York,16099482.0,9218700.0,0.57261,209.56728,0.57935,0.58506,0.59021,12701335.0,10719120.0,0.84394,142.1908,0.83821,0.83193,0.82916,0.34535,0.27133,0.00403,0.02445,0.24687,0.03279,0.21408,-53.16149,0.13282,0.86718,0.00321,0.00959,0.0023,-0.0073,0.01439,0.00763,0.00133,0.00166,0.09452,0.111,0.04136,0.46108,0.34535,147.01281,117.10431,381.15147,257.25453,0.24812,0.19364
OH,Ohio,11443342.0,5894100.0,0.51507,232.97892,0.52386,0.53174,0.53865,9893442.66667,7617480.0,0.76995,155.85379,0.75794,0.75007,0.74295,0.41159,0.25488,0.0033,0.03655,0.21833,0.04388,0.17445,-52.78791,0.20097,0.79903,0.00749,0.02009,0.00327,-0.01038,0.02256,0.00236,-0.00845,0.00694,0.07671,0.17636,-0.03474,0.45601,0.41159,153.0156,123.51017,520.557,276.88102,0.19769,0.23782
OK,Oklahoma,3894597.0,2377320.0,0.61041,196.5876,0.61539,0.6215,0.62593,3184980.0,2734800.0,0.85866,139.7534,0.84547,0.8358,0.82737,0.33216,0.24824,0.00437,0.03393,0.21431,0.01048,0.20383,-46.66649,0.04888,0.95112,0.00462,0.01313,0.00196,-0.00622,-0.00398,0.00397,-0.00226,-0.00074,0.078,0.14765,-0.01134,0.39924,0.33216,145.21593,122.43496,383.09273,219.91865,0.20122,0.21685
OR,Oregon,3394830.33333,1928700.0,0.56813,211.21981,0.58649,0.59679,0.60938,2800918.33333,2504340.0,0.89411,134.21109,0.88822,0.88718,0.88443,0.30088,0.32599,0.00423,0.0356,0.29039,0.03463,0.25576,-60.4191,0.11924,0.88076,0.00831,0.00519,0.0023,-0.00729,0.02238,0.00499,-0.0013,4e-05,0.09392,0.21534,-0.01887,0.41435,0.30088,138.17159,112.97137,563.94508,249.76212,0.14774,0.16294
PA,Pennsylvania,9977344.0,6191220.0,0.62053,193.38374,0.62809,0.63389,0.63961,7743499.0,6227640.0,0.80424,149.20899,0.81456,0.8175,0.82525,0.25743,0.18371,0.00416,0.0001,0.18361,0.01465,0.16896,-40.62636,0.07981,0.92019,0.00458,0.00483,0.00256,-0.00812,0.0122,0.00528,-0.00403,-0.00265,0.07347,0.10385,0.00629,0.33952,0.25743,147.48382,127.49877,422.22599,260.45951,0.15223,0.14508
RI,Rhode Island,916334.0,527580.0,0.57575,208.42352,0.59254,0.59997,0.61084,782302.0,663360.0,0.84796,141.51628,0.84147,0.83436,0.83003,0.30501,0.27221,0.00407,0.03782,0.23439,0.00623,0.22816,-56.08007,0.02659,0.97341,0.00432,0.00221,0.00204,-0.00649,0.01263,0.00336,0.00039,-0.01223,0.10464,0.16789,-0.03814,0.35114,0.30501,149.6511,120.12818,528.90179,261.23229,0.13279,0.16793
SC,South Carolina,4744710.0,2357280.0,0.49682,241.53482,0.50257,0.50758,0.51194,4437544.0,3028980.0,0.68258,175.8035,0.68508,0.6855,0.68734,0.37245,0.18576,0.00283,0.00783,0.17792,0.0236,0.15432,-54.6074,0.13266,0.86734,0.00888,0.0107,0.00146,-0.00463,0.00467,0.00371,0.00018,-0.00136,0.03538,0.12925,0.01329,0.49188,0.37245,149.19145,134.16444,596.95246,359.83929,0.1948,0.18119
SD,South Dakota,919435.0,538200.0,0.58536,205.00223,0.59237,0.59752,0.60278,846911.0,662940.0,0.78277,153.30093,0.77107,0.76964,0.76371,0.20619,0.19741,0.00382,0.02529,0.17213,0.03683,0.1353,-35.43388,0.21395,0.78605,0.00437,0.00445,0.00625,-0.01985,0.02128,0.00482,0.00543,0.01008,0.12415,0.06047,-0.01249,0.19849,0.20619,182.76549,145.3618,334.25089,216.41556,0.11926,0.14855
TN,Tennessee,4998304.0,2653260.0,0.53083,226.0602,0.54097,0.54936,0.55705,4309343.0,3351900.0,0.77782,154.27702,0.77423,0.76983,0.76737,0.32602,0.24699,0.00344,0.02652,0.22047,0.01817,0.2023,-58.79513,0.08241,0.91759,0.00577,0.00386,0.00302,-0.00959,0.01352,0.00239,-0.00313,0.00232,0.08688,0.1561,-0.02251,0.38669,0.32602,162.23268,131.84796,484.83666,250.11662,0.17422,0.20319
TX,Texas,24744599.0,12423600.0,0.50207,239.00897,0.50957,0.51595,0.52179,26019029.0,19677060.0,0.75626,158.67632,0.76145,0.76291,0.76654,0.46045,0.25418,0.00316,0.00722,0.24696,0.02469,0.22227,-70.24777,0.09998,0.90002,0.00464,0.00805,0.00116,-0.0037,0.01478,0.00178,-0.00138,-0.00064,0.04428,0.23718,-0.03449,0.55933,0.46045,131.6496,113.92908,587.36046,283.92008,0.22148,0.25509
UT,Utah,3259452.0,2084640.0,0.63957,187.62676,0.64692,0.65213,0.65753,3838634.0,3260040.0,0.84927,141.29768,0.86312,0.86933,0.87834,0.14932,0.2097,0.00453,-0.0075,0.2172,-0.00651,0.22371,-49.42268,-0.02996,1.02996,0.00857,0.00731,0.00307,-0.00975,0.00891,0.00369,-0.03371,0.00539,0.13359,0.03562,0.04799,0.25797,0.14932,158.98078,127.23868,336.34659,267.25846,0.14113,0.07712
VA,Virginia,8274476.0,4684980.0,0.5662,211.94052,0.57379,0.5785,0.58381,7501779.0,5778600.0,0.7703,155.78401,0.76532,0.76211,0.75905,0.35171,0.2041,0.00363,0.02049,0.18361,0.0156,0.168,-46.22506,0.08499,0.91501,0.00144,0.00462,0.00102,-0.00325,0.02228,0.00409,-0.01394,-0.00066,0.04144,0.15018,-0.00802,0.4484,0.35171,139.58706,125.75839,515.88067,294.08944,0.1803,0.18831
VT,Vermont,610448.0,446460.0,0.73136,164.07687,0.74769,0.75698,0.76803,532437.0,446040.0,0.83773,143.24374,0.83625,0.83592,0.83548,0.20938,0.10637,0.00511,0.02742,0.07895,0.0173,0.06165,-12.07398,0.21912,0.78088,0.0055,0.0047,0.00332,-0.01053,0.00227,0.00875,-0.00131,0.0046,0.04731,0.02323,0.0084,0.23806,0.20938,139.67391,129.3731,279.08526,244.92832,0.13522,0.12272
WA,Washington,7517692.0,4059960.0,0.54005,222.19998,0.5519,0.55995,0.5684,6310848.66667,4969440.0,0.78744,152.39179,0.77903,0.78589,0.78617,0.54151,0.24739,0.00354,0.02145,0.22594,0.10949,0.11645,-32.86026,0.4846,0.5154,0.00524,-0.00371,-0.00043,0.00136,0.08064,0.00435,0.01682,0.00522,0.00949,0.25591,-0.03945,0.63397,0.54151,115.5492,111.58836,423.08125,221.899,0.32113,0.37262
WI,Wisconsin,6260055.0,3635760.0,0.58079,206.61611,0.5848,0.5893,0.59263,5127203.12994,3847140.0,0.75034,159.92773,0.75033,0.75039,0.75083,0.29923,0.16955,0.00363,0.00846,0.16109,0.02859,0.1325,-36.48544,0.17748,0.82252,0.00912,0.00336,0.00557,-0.01768,0.02603,0.00516,-0.00668,0.00371,0.06299,0.06718,0.03092,0.39083,0.29923,152.26389,131.73434,429.42512,320.47915,0.18533,0.14931
WV,West Virginia,1997908.0,1131540.0,0.56636,211.87847,0.57569,0.58222,0.58882,1519830.0,1187640.0,0.78143,153.56472,0.76331,0.75163,0.74003,0.20124,0.21507,0.00369,0.04566,0.16941,0.01037,0.15904,-43.12371,0.06119,0.93881,0.00689,0.00462,0.00127,-0.00403,0.0131,0.00363,-0.00636,-0.00875,0.07251,0.10055,-0.00365,0.27864,0.20124,175.06345,151.54395,381.03781,202.70581,0.15072,0.1585
WY,Wyoming,790925.0,357360.0,0.45183,265.58932,0.45969,0.46716,0.47319,546314.0,400140.0,0.73244,163.83686,0.70915,0.69657,0.68234,0.57174,0.28061,0.00276,0.0512,0.22941,0.04329,0.18612,-67.49089,0.18868,0.81132,0.00229,0.01344,0.00314,-0.00997,0.03598,0.00399,-0.00156,-0.00402,0.04863,0.16693,0.01385,0.65575,0.57174,147.81609,118.44276,419.26139,261.18875,0.40176,0.37711
