group,year,G,G_p25,G_p75,factor_central,factor_low,factor_high,n
Public universities,1998,1.0779,0.9492,1.1616,1.0285,1.019,1.0421,557
Public universities,1999,1.0866,0.9639,1.1623,1.0314,1.021,1.0464,561
Public universities,2000,1.1028,0.9785,1.1734,1.0374,1.0249,1.0558,535
Public universities,2001,1.1172,0.9847,1.1896,1.0422,1.0281,1.0628,541
Public universities,2002,1.1132,0.9857,1.1813,1.0414,1.0274,1.0623,556
Public universities,2003,1.096,0.9851,1.1654,1.0359,1.0237,1.0545,553
Public universities,2004,1.0822,0.9863,1.1812,1.031,1.0204,1.0471,564
Public universities,2005,1.0607,0.97,1.155,1.0229,1.0152,1.0345,561
Public universities,2006,1.048,0.9576,1.1303,1.018,1.012,1.0269,563
Public universities,2007,1.0583,0.9621,1.125,1.0216,1.0144,1.0319,568
Public universities,2008,1.073,0.975,1.142,1.0262,1.0176,1.0385,573
Public universities,2009,1.0778,0.9824,1.1608,1.0276,1.0186,1.0403,576
Public universities,2010,1.058,0.9878,1.1667,1.0208,1.0141,1.0305,576
Public universities,2011,1.0321,0.9781,1.1425,1.0122,1.0081,1.0181,581
Public universities,2012,1.0268,0.956,1.1222,1.0104,1.0069,1.0155,583
Public universities,2013,1.0311,0.9221,1.0898,1.0122,1.008,1.0184,580
Public universities,2014,1.0351,0.8976,1.0866,1.0135,1.0089,1.0202,581
Public universities,2015,1.0366,0.8951,1.096,1.0139,1.0092,1.0207,582
Public universities,2016,1.0414,0.9156,1.0913,1.0153,1.0103,1.0225,581
Public universities,2017,1.051,0.9375,1.1061,1.0184,1.0124,1.0268,580
Public universities,2018,1.0526,0.9422,1.1251,1.019,1.0128,1.0277,587
Public universities,2019,1.051,0.934,1.1199,1.0188,1.0126,1.0278,591
Public universities,2020,1.0391,0.9174,1.1086,1.0149,1.0099,1.0222,569
Public universities,2021,1.004,0.8677,1.0669,1.0029,1.0017,1.0051,568
Public universities,2022,0.9851,0.8247,1.0344,0.9967,0.9973,0.9964,582
Public universities,2023,1.0037,0.8213,1.0607,1.003,1.0017,1.0054,581
Public universities,2024,1.055,0.8972,1.1122,1.0205,1.0137,1.0303,585
Private nonprofit 4-year,1998,1.0421,0.8977,1.1745,1.0182,1.0145,1.0285,1225
Private nonprofit 4-year,1999,1.0513,0.9302,1.202,1.0222,1.0178,1.0345,1233
Private nonprofit 4-year,2000,1.0546,0.9453,1.2196,1.0234,1.0187,1.0364,1053
Private nonprofit 4-year,2001,1.0707,0.9415,1.223,1.0281,1.0227,1.043,1073
Private nonprofit 4-year,2002,1.0694,0.945,1.1929,1.0279,1.0224,1.043,1148
Private nonprofit 4-year,2003,1.0348,0.9326,1.1705,1.0157,1.0125,1.0247,1165
Private nonprofit 4-year,2004,1.0274,0.9203,1.1722,1.0149,1.0116,1.0244,1208
Private nonprofit 4-year,2005,1.0473,0.9217,1.1773,1.0207,1.0165,1.0322,1229
Private nonprofit 4-year,2006,1.0675,0.9369,1.1595,1.0274,1.022,1.0424,1204
Private nonprofit 4-year,2007,1.0578,0.92,1.1558,1.0255,1.0202,1.041,1236
Private nonprofit 4-year,2008,1.0468,0.926,1.1506,1.0203,1.0162,1.0323,1257
Private nonprofit 4-year,2009,1.0418,0.9351,1.1667,1.0169,1.0137,1.0258,1253
Private nonprofit 4-year,2010,1.0389,0.9395,1.1757,1.0164,1.0132,1.0252,1262
Private nonprofit 4-year,2011,1.0483,0.9278,1.1595,1.0197,1.0159,1.0302,1267
Private nonprofit 4-year,2012,1.046,0.9192,1.1288,1.0205,1.0162,1.0326,1272
Private nonprofit 4-year,2013,1.0351,0.8863,1.1113,1.0174,1.0136,1.0286,1264
Private nonprofit 4-year,2014,1.0023,0.8621,1.0879,1.0036,1.0026,1.0069,1274
Private nonprofit 4-year,2015,0.9718,0.8678,1.0939,0.9934,0.9941,0.9923,1256
Private nonprofit 4-year,2016,0.985,0.8728,1.095,0.9987,0.9984,1.0003,1264
Private nonprofit 4-year,2017,1.0041,0.876,1.1,1.0057,1.0041,1.0109,1259
Private nonprofit 4-year,2018,1.0229,0.8702,1.1158,1.0128,1.0099,1.0217,1246
Private nonprofit 4-year,2019,1.0254,0.8915,1.1234,1.0126,1.0099,1.0206,1243
Private nonprofit 4-year,2020,1.007,0.8877,1.1187,1.0072,1.0053,1.0133,1228
Private nonprofit 4-year,2021,0.962,0.8449,1.0771,0.9912,0.992,0.9903,1228
Private nonprofit 4-year,2022,0.9523,0.7971,1.0696,0.9874,0.9889,0.9849,1225
Private nonprofit 4-year,2023,0.9903,0.8143,1.0967,1.001,1.0001,1.0043,1222
Private nonprofit 4-year,2024,1.0343,0.8833,1.1398,1.0164,1.0129,1.0272,1208
Community colleges,1998,0.9247,0.8236,1.1072,0.9844,0.9948,0.9809,874
Community colleges,1999,0.8991,0.8402,1.1454,0.9798,0.9931,0.9758,877
Community colleges,2000,1.0512,0.9133,1.2287,1.0196,1.0041,1.0289,870
Community colleges,2001,1.0336,0.9029,1.1764,1.016,1.0028,1.0253,903
Community colleges,2002,1.0335,0.891,1.1736,1.0111,1.0025,1.0158,960
Community colleges,2003,1.0656,0.9311,1.1989,1.0179,1.0046,1.0245,1005
Community colleges,2004,0.9961,0.8864,1.1678,1.0013,0.9999,1.0026,991
Community colleges,2005,0.9801,0.8667,1.0934,0.9977,0.9988,0.9981,994
Community colleges,2006,1.0012,0.8655,1.1083,1.0021,1.0002,1.0035,988
Community colleges,2007,1.0451,0.8873,1.1611,1.0132,1.0033,1.0184,1009
Community colleges,2008,1.0472,0.9433,1.163,1.0131,1.0034,1.018,1015
Community colleges,2009,1.153,0.9812,1.2349,1.039,1.0102,1.053,1023
Community colleges,2010,1.1733,1.0692,1.3288,1.0418,1.0113,1.0559,1013
Community colleges,2011,1.0318,0.9404,1.153,1.0088,1.0023,1.0121,1002
Community colleges,2012,0.9654,0.8582,1.0384,0.9923,0.9976,0.9903,993
Community colleges,2013,0.9634,0.8568,1.0182,0.993,0.9976,0.9918,987
Community colleges,2014,0.975,0.8846,1.0521,0.9946,0.9983,0.9932,983
Community colleges,2015,0.9577,0.8649,1.0234,0.9899,0.997,0.987,977
Community colleges,2016,0.9504,0.8603,1.0186,0.9883,0.9965,0.985,980
Community colleges,2017,0.9797,0.9049,1.0645,0.9957,0.9986,0.9947,983
Community colleges,2018,0.9851,0.9027,1.0623,0.9968,0.999,0.9961,981
Community colleges,2019,0.975,0.8907,1.0414,0.9943,0.9983,0.9928,982
Community colleges,2020,0.9973,0.914,1.0622,0.9999,0.9999,1.0001,973
Community colleges,2021,0.8491,0.7544,0.9378,0.9629,0.9888,0.9528,974
Community colleges,2022,0.9092,0.828,0.9841,0.9776,0.9934,0.9711,970
Community colleges,2023,1.0579,0.9498,1.1601,1.0153,1.004,1.0207,957
Community colleges,2024,1.0853,0.9707,1.1807,1.024,1.006,1.0335,955
