type,ER_2010,ER_2022,adj_rise,T_2010,T_2022,I_2010,I_2022,outsourcing_2010,outsourcing_2022,ap_share,transfer_share,de_imp_share,de_unrep_share,leavers_share,exported_share,nondeg_share,de_unused_share,certs_share,imported_share,other_items_share,residual_share,residual_credits_per_ba
Public R1,0.8901,1.0127,0.1226,134.8164,118.4975,19.8779,24.1657,0.1656,0.2014,0.1358,0.0846,0.0379,0.0046,0.0234,0.0666,0.0302,-0.0145,-0.0295,0.2628,0.0762,0.661,10.7876
Public R2,0.8319,0.9861,0.1542,144.2547,121.6905,20.9622,27.224,0.1747,0.2269,0.0692,0.175,0.0281,0.0051,0.0607,0.0692,0.0401,-0.0163,-0.0097,0.2775,0.1441,0.5783,13.0498
Public Doctoral,0.7983,0.9138,0.1155,150.318,131.3245,21.5761,29.5022,0.1798,0.2459,0.0701,0.3011,0.033,0.0131,-0.0557,-0.2181,0.0135,-0.0417,-0.0782,0.4173,-0.3801,0.9628,18.2875
Public Master's,0.7865,0.982,0.1955,152.5805,122.2057,22.5477,30.2354,0.1879,0.252,0.0423,0.181,0.0201,0.0096,0.0479,0.0439,0.0255,-0.0305,-0.024,0.2531,0.0628,0.6841,20.7783
Public Baccalaureate,0.6007,0.7966,0.1958,199.7553,150.6468,20.3262,26.8134,0.1694,0.2234,0.0147,0.0901,0.0175,0.0097,0.0536,0.0037,0.0438,-0.0309,-0.006,0.1321,0.0642,0.8037,39.4693
Public Special focus/other,1.1666,1.1444,-0.0222,102.8656,104.8628,32.3838,28.3155,0.2699,0.236,-0.0624,2.2678,-0.069,-0.0994,-6.9989,0.1539,-0.6142,0.3154,-0.7237,2.037,-7.8675,6.8305,-13.642
Private nonprofit R1,0.902,0.917,0.0149,133.0361,130.8682,10.5225,12.2952,0.0877,0.1025,0.2513,0.2122,0.3054,0.0488,0.0617,0.2556,0.4838,-0.155,-0.029,0.8177,0.6172,-0.4348,-0.9427
Private nonprofit R2,0.8699,0.9236,0.0537,137.9523,129.9325,14.4914,16.434,0.1208,0.137,0.1363,-0.0045,0.0926,0.0179,0.0374,0.1694,0.0181,-0.0568,-0.0085,0.2422,0.1597,0.5981,4.7963
Private nonprofit Doctoral,0.8629,0.9185,0.0556,139.0608,130.6431,19.6687,22.8251,0.1639,0.1902,0.1215,0.142,0.0866,0.0249,-0.0883,0.17,-0.0243,-0.0791,0.0054,0.375,-0.0163,0.6414,5.3989
Private nonprofit Master's,0.868,0.9332,0.0652,138.2427,128.5852,20.5045,27.8483,0.1709,0.2321,0.0926,0.589,0.0598,0.019,0.0541,0.2042,-0.0804,-0.0602,0.0169,0.7604,0.1346,0.105,1.014
Private nonprofit Baccalaureate,0.7697,0.7998,0.0301,155.907,150.0341,11.3453,14.9178,0.0945,0.1243,0.1492,0.2712,0.1594,0.0285,0.3655,0.1566,-0.0042,-0.0904,0.0098,0.6083,0.4374,-0.0457,-0.2687
Private nonprofit Special focus/other,0.7283,0.8165,0.0882,164.7703,146.9631,26.5068,30.5678,0.2209,0.2547,0.0231,0.1723,0.0294,0.0032,0.2624,0.0725,0.0081,-0.0103,0.0529,0.2281,0.3857,0.3862,6.8777
Community colleges,0.2408,0.4615,0.2207,498.4092,260.0247,18.6365,20.1293,0.1553,0.1677,0.003,-0.0083,0.0043,0.0071,0.0353,0.0601,0.1055,-0.0226,-0.0178,0.0063,0.1604,0.8333,198.6512
For-profit and other,0.4379,0.6993,0.2614,274.0522,171.5981,31.7125,42.8523,0.2643,0.3571,0.0012,0.107,0.0004,0.0002,0.2358,-0.005,-0.0034,-0.0008,-0.0454,0.1087,0.1813,0.71,72.7424
All institutions,0.5811,0.7962,0.2151,206.5011,150.7167,20.375,25.0941,0.1698,0.2091,0.0256,0.0379,0.0127,0.0085,0.0691,0.0399,0.0691,-0.0268,-0.0244,0.0846,0.1268,0.7886,43.9903
