type,n,ER,T,I_pb,ap_pb,transfer_pb,de_imp_pb,de_unrep_pb,U_pb,leavers_pb,exported_pb,nondeg_pb,de_unused_pb,certs_pb,E_pb,outsourcing_share
Public R1,107.0,1.013,118.497,24.166,7.941,14.973,1.066,0.186,11.143,3.213,6.364,0.347,0.591,0.627,11.521,0.201
Public R2,91.0,0.986,121.691,27.224,4.065,21.811,1.085,0.262,18.768,6.018,10.911,0.54,0.833,0.466,10.146,0.227
Public Doctoral,30.0,0.914,131.325,29.502,3.33,24.534,1.118,0.52,33.153,10.312,19.104,0.512,1.65,1.574,7.674,0.246
Public Master's,241.0,0.982,122.206,30.235,3.507,25.03,1.103,0.595,27.097,9.306,13.8,1.033,1.889,1.07,5.344,0.252
Public Baccalaureate,99.0,0.797,150.647,26.813,3.262,20.923,1.662,0.967,41.032,14.861,20.319,1.291,3.068,1.493,16.428,0.223
Public Special focus/other,42.0,1.144,104.863,28.315,0.687,26.891,0.34,0.398,23.589,11.15,8.865,0.835,1.264,1.474,-10.411,0.236
Private nonprofit R1,39.0,0.917,130.868,12.295,4.421,6.484,1.167,0.224,4.662,1.001,2.093,0.544,0.712,0.312,18.501,0.102
Private nonprofit R2,38.0,0.924,129.933,16.434,4.453,10.44,1.235,0.306,10.139,2.768,5.627,0.558,0.971,0.215,16.228,0.137
Private nonprofit Doctoral,137.0,0.919,130.643,22.825,2.554,18.642,1.204,0.424,22.361,8.651,10.923,1.091,1.347,0.35,11.108,0.19
Private nonprofit Master's,367.0,0.933,128.585,27.848,2.158,24.226,1.043,0.421,26.194,10.834,11.636,1.939,1.337,0.447,10.24,0.232
Private nonprofit Baccalaureate,424.0,0.8,150.034,14.918,2.204,10.804,1.611,0.3,22.763,9.641,10.569,0.89,0.951,0.713,22.189,0.124
Private nonprofit Special focus/other,317.0,0.817,146.963,30.568,1.311,28.062,1.084,0.111,30.322,14.732,9.455,0.813,0.351,4.971,27.209,0.255
Community colleges,973.0,0.461,260.025,20.129,2.491,10.998,2.299,4.341,158.484,45.466,58.697,10.154,13.777,30.391,1.67,0.168
For-profit and other,604.0,0.699,171.598,42.852,0.42,42.328,0.066,0.038,75.864,34.377,19.509,0.898,0.119,20.961,18.586,0.357
All institutions,3509.0,0.796,150.717,25.094,4.175,18.634,1.275,1.01,45.822,14.708,18.678,2.385,3.206,6.844,9.989,0.209
